run,loss_type,grpo_step,optimizer_step,rollout_epoch,token_entropy,grad_norm,loss,clip_fraction,approx_kl,rollout_avg_response_token_length,rollout_answer_accuracy,rollout_format_accuracy
GRPO-Clip (e2/tb256),grpo_clip,1,2,2,0.6893386840820312,0.107421875,0.0010670264309737831,0.25692157802404836,0.30333900451660156,305.171875,0.015625,0.1796875
GRPO-Clip (e2/tb256),grpo_clip,2,4,2,0.6703338623046875,6.34375,0.033399119041860104,0.15694542820710922,-0.03161989152431488,155.328125,0.14453125,0.7421875
GRPO-Clip (e2/tb256),grpo_clip,3,6,2,0.5265007019042969,1.03125,0.005384067888371646,0.2479652309921221,0.30446958541870117,157.90625,0.14453125,0.73046875
GRPO-Clip (e2/tb256),grpo_clip,4,8,2,0.47216796875,15.125,0.02489828405668959,0.13399326774379006,-0.0008946321904659271,191.0,0.13671875,0.6875
GRPO-Clip (e2/tb256),grpo_clip,5,10,2,0.5005264282226562,0.859375,-0.004401252954266965,0.1304162102023838,0.0305137038230896,108.01953125,0.2421875,0.7890625
GRPO-Clip (e2/tb256),grpo_clip,6,12,2,0.3979301452636719,6.90625,0.017876701575005427,0.14402966536908934,0.07839968800544739,178.91015625,0.21484375,0.76171875
GRPO-Clip (e2/tb256),grpo_clip,7,14,2,0.361114501953125,1.046875,-0.0024491358490195125,0.11642652681621257,0.03552022576332092,153.27734375,0.30078125,0.8359375
GRPO-Clip (e2/tb256),grpo_clip,8,16,2,0.3946952819824219,1.4375,-0.003611409629229456,0.11553323843509133,-0.019425101578235626,160.734375,0.2265625,0.81640625
GRPO-Clip (e2/tb256),grpo_clip,9,18,2,0.3251380920410156,0.6484375,-0.002587969385785982,0.13371455238666385,0.06657517701387405,120.5625,0.28515625,0.87109375
GRPO-Clip (e2/tb256),grpo_clip,10,20,2,0.2711219787597656,1.0703125,-0.004328752489527687,0.11519221197522711,0.05327928066253662,118.65625,0.375,0.85546875
GRPO-Clip (e2/tb256),grpo_clip,11,22,2,0.33789825439453125,1.09375,-0.003356176515808329,0.11589720546908211,-0.001888275146484375,106.6328125,0.3125,0.89453125
GRPO-Clip (e2/tb256),grpo_clip,12,24,2,0.2861480712890625,1.6796875,-0.0026046290004160255,0.13299968941282714,0.07342036813497543,121.71484375,0.2890625,0.87109375
GRPO-Clip (e2/tb256),grpo_clip,13,26,2,0.34075164794921875,1.1640625,-0.004174534638877958,0.11478108679784782,0.03980749845504761,106.76953125,0.22265625,0.9140625
GRPO-Clip (e2/tb256),grpo_clip,14,28,2,0.3015937805175781,2.234375,4.122353857383132e-05,0.12424043061037082,0.014875128865242004,129.171875,0.25,0.86328125
GRPO-Clip (e2/tb256),grpo_clip,15,30,2,0.2543220520019531,1.90625,-0.0013381540484260768,0.15132197783896117,0.07364857196807861,109.765625,0.3125,0.9140625
GRPO-Clip (e2/tb256),grpo_clip,16,32,2,0.26583099365234375,1.3203125,-0.0024496011901646852,0.12690850077706273,0.021084479987621307,104.8046875,0.2578125,0.90234375
GRPO-Clip (e2/tb256),grpo_clip,17,34,2,0.2693824768066406,0.75390625,-0.003072040097322315,0.11937348759238375,0.04033786058425903,144.6640625,0.2265625,0.828125
GRPO-Clip (e2/tb256),grpo_clip,18,36,2,0.2339324951171875,1.5234375,-0.0025728860637173057,0.10943194979336113,0.04100202023983002,126.21484375,0.33203125,0.88671875
GRPO-Clip (e2/tb256),grpo_clip,19,38,2,0.2652111053466797,632.0,0.22378802820458077,0.11804019995361159,0.005437880754470825,155.14453125,0.2109375,0.83984375
GRPO-Clip (e2/tb256),grpo_clip,20,40,2,0.21855926513671875,7.03125,0.0034636000636965036,0.11690394156175898,0.02436702512204647,150.140625,0.21875,0.85546875
GRPO-Clip (e2/tb256),grpo_clip,21,42,2,0.22441482543945312,1.25,-0.0030188522359821945,0.11173396063531982,0.04892176389694214,128.6640625,0.27734375,0.8828125
GRPO-Clip (e2/tb256),grpo_clip,22,44,2,0.2426605224609375,1.4375,-0.001236217125551775,0.10598929529442103,0.020708799362182617,146.6953125,0.29296875,0.86328125
GRPO-Clip (e2/tb256),grpo_clip,23,46,2,0.21524810791015625,1.59375,-0.0013165644777473062,0.12825704331771703,0.06044904887676239,138.4453125,0.2734375,0.86328125
GRPO-Clip (e2/tb256),grpo_clip,24,48,2,0.2161083221435547,1.0625,-0.0019608231668826193,0.10004640331681003,0.03648015484213829,125.5078125,0.33203125,0.91015625
GRPO-Clip (e2/tb256),grpo_clip,25,50,2,0.2039031982421875,1.609375,-0.0012927243951708078,0.1220293598526041,0.06644254922866821,136.60546875,0.38671875,0.90234375
GRPO-Clip (e2/tb256),grpo_clip,26,52,2,0.20611572265625,350208.0,38.76932354588644,0.11667250128812157,0.009786844253540039,118.015625,0.35546875,0.8984375
GRPO-Clip (e2/tb256),grpo_clip,27,54,2,0.20529556274414062,3.34375,0.00028077332535758615,0.09458074691792717,0.0038631707429885864,190.40234375,0.29296875,0.81640625
GRPO-Clip (e2/tb256),grpo_clip,28,56,2,0.18358230590820312,3.203125,0.0009941387979779392,0.12956904966267757,0.0707886815071106,160.1953125,0.34765625,0.875
GRPO-Clip (e2/tb256),grpo_clip,29,58,2,0.19364547729492188,2.3125,-0.0014502185804303735,0.11735401893020025,0.0687817931175232,144.73046875,0.3203125,0.8984375
GRPO-Clip (e2/tb256),grpo_clip,30,60,2,0.1912555694580078,6.09375,-0.0002252573031000793,0.09439849275440793,0.0008064731955528259,187.2578125,0.2734375,0.828125
GRPO-Clip (e2/tb256),grpo_clip,31,62,2,0.19515228271484375,1.203125,-0.001773059368133545,0.10661963993698009,0.026933223009109497,176.95703125,0.24609375,0.83984375
GRPO-Clip (e2/tb256),grpo_clip,32,64,2,0.18403244018554688,0.83203125,-0.0017681583412922919,0.11866437189746648,0.04987943172454834,134.97265625,0.203125,0.90625
GRPO-Clip (e2/tb256),grpo_clip,33,66,2,0.17394638061523438,1.421875,-0.0014799617638345808,0.12621833808589145,0.015320539474487305,129.71484375,0.38671875,0.90625
GRPO-Clip (e2/tb256),grpo_clip,34,68,2,0.16344261169433594,25.875,0.015502805006690323,0.13071163731365232,0.055976271629333496,133.1015625,0.35546875,0.90234375
GRPO-Clip (e2/tb256),grpo_clip,35,70,2,0.18678855895996094,25.75,0.005914188775932416,0.13503293512621894,0.10801082849502563,141.17578125,0.3671875,0.8828125
GRPO-Clip (e2/tb256),grpo_clip,36,72,2,0.1586894989013672,1.6875,-0.0003213313757441938,0.11680396451993147,0.05472525954246521,173.5078125,0.34375,0.84765625
GRPO-Clip (e2/tb256),grpo_clip,37,74,2,0.16186904907226562,3.75,0.0018608859390951693,0.13967819744721055,0.08786648511886597,140.453125,0.36328125,0.88671875
GRPO-Clip (e2/tb256),grpo_clip,38,76,2,0.1631145477294922,1.8125,-8.567201439291239e-05,0.12612250058737118,0.07138669490814209,151.65625,0.32421875,0.87890625
GRPO-Clip (e2/tb256),grpo_clip,39,78,2,0.1624431610107422,2.15625,-0.0006898792926222086,0.11445822049063281,0.05525568127632141,165.76953125,0.34765625,0.859375
GRPO-Clip (e2/tb256),grpo_clip,40,80,2,0.1937093734741211,8.75,0.0006137083109933883,0.13265538491396,0.07146566733717918,155.046875,0.31640625,0.875
GRPO-Clip (e2/tb256),grpo_clip,41,82,2,0.177215576171875,43.5,0.010828173835761845,0.1345076171819528,0.08201418817043304,169.7578125,0.3515625,0.86328125
GRPO-Clip (e2/tb256),grpo_clip,42,84,2,0.1647510528564453,49.5,0.022663023235509172,0.13966036879719468,0.04252344369888306,146.0703125,0.38671875,0.91796875
GRPO-Clip (e2/tb256),grpo_clip,43,86,2,0.15620803833007812,158.0,0.02882930258056149,0.13964532385580242,0.08363394439220428,140.29296875,0.328125,0.90625
GRPO-Clip (e2/tb256),grpo_clip,44,88,2,0.1735849380493164,568.0,0.06996141298441216,0.13027358074032236,0.0566173791885376,185.49609375,0.36328125,0.8515625
GRPO-Clip (e2/tb256),grpo_clip,45,90,2,0.17791175842285156,2.3125,0.0012308640289120376,0.15375271425000392,0.07798874378204346,174.95703125,0.2578125,0.8046875
GRPO-Clip (e2/tb256),grpo_clip,46,92,2,0.16852951049804688,28.125,0.010994528885930777,0.13347359193721786,0.006958603858947754,174.765625,0.31640625,0.78515625
GRPO-Clip (e2/tb256),grpo_clip,47,94,2,0.17446136474609375,3.921875,0.0029853882442694157,0.11635734206356574,0.05792686343193054,227.296875,0.28125,0.78125
GRPO-Clip (e2/tb256),grpo_clip,48,96,2,0.18378067016601562,52.0,0.03263565539964475,0.11574721493479956,-0.03913971781730652,217.5703125,0.27734375,0.80859375
GRPO-Clip (e2/tb256),grpo_clip,49,98,2,0.18505859375,6225920.0,435.63166443185764,0.1132267321809195,0.06260228157043457,237.5625,0.36328125,0.73046875
GRPO-Clip (e2/tb256),grpo_clip,50,100,2,0.1763935089111328,207.0,0.0463834315596614,0.13788244641909841,0.06032437086105347,202.73828125,0.34375,0.8125
GRPO-Clip (e2/tb256),grpo_clip,51,102,2,0.18479537963867188,2800.0,0.42017836711602286,0.13759598954493413,0.1348743438720703,208.8828125,0.33984375,0.8359375
GRPO-Clip (e2/tb256),grpo_clip,52,104,2,0.1730365753173828,226.0,0.053871355106821284,0.11225720000948058,0.018291592597961426,260.32421875,0.30078125,0.74609375
GRPO-Clip (e2/tb256),grpo_clip,53,106,2,0.1986846923828125,296.0,0.0729081452882383,0.14254339931358118,0.21424686908721924,283.0390625,0.23046875,0.68359375
GRPO-Clip (e2/tb256),grpo_clip,54,108,2,0.1887073516845703,32.25,0.02740361777250655,0.14228119648396387,-0.023243652656674385,230.12890625,0.42578125,0.76171875
GRPO-Clip (e2/tb256),grpo_clip,55,110,2,0.20440673828125,11.3125,0.006245569471502677,0.1532582519139396,0.1278594732284546,255.86328125,0.25390625,0.6953125
GRPO-Clip (e2/tb256),grpo_clip,56,112,2,0.17725467681884766,13.0625,0.015882656472967938,0.1851242145494325,0.2517804950475693,237.9609375,0.3984375,0.7734375
GRPO-Clip (e2/tb256),grpo_clip,57,114,2,0.20811080932617188,79.0,0.022456080449046567,0.15728323471557815,0.03880199044942856,322.51171875,0.29296875,0.640625
GRPO-Clip (e2/tb256),grpo_clip,58,116,2,0.1952037811279297,398.0,0.07696779034449719,0.1946425900387112,0.10806896537542343,313.48046875,0.33203125,0.67578125
GRPO-Clip (e2/tb256),grpo_clip,59,118,2,0.18245506286621094,3072.0,0.7041485349764116,0.16862420017787372,0.10153141617774963,328.26953125,0.2890625,0.65625
GRPO-Clip (e2/tb256),grpo_clip,60,120,2,0.18766403198242188,201.0,0.05120786480256356,0.2278361567441607,0.26156359910964966,311.83203125,0.33984375,0.6953125
GRPO-Clip (e2/tb256),grpo_clip,61,122,2,0.1824169158935547,7456.0,1.4531880436406936,0.21429143256682437,0.07678034901618958,250.6796875,0.33203125,0.72265625
GRPO-Clip (e2/tb256),grpo_clip,62,124,2,0.18777799606323242,99328.0,14.385023771494161,0.23325296731491107,-0.12602733075618744,312.48828125,0.2109375,0.65625
GRPO-Clip (e2/tb256),grpo_clip,63,126,2,0.19094467163085938,8224768.0,1574.8272135943407,0.2451569913610001,-0.43634748458862305,303.8984375,0.31640625,0.7109375
GRPO-Clip (e2/tb256),grpo_clip,64,128,2,0.18893814086914062,12352.0,8.89392323163338,0.18499074711144203,-0.36415863037109375,292.48828125,0.27734375,0.66015625
GRPO-Clip (e2/tb256),grpo_clip,65,130,2,0.19197463989257812,4048.0,2.852765245072078,0.14143652433995157,-0.2455417513847351,308.1328125,0.375,0.6953125
GRPO-Clip (e2/tb256),grpo_clip,66,132,2,0.17938995361328125,1504.0,0.723488796124002,0.13464210009988165,-0.11788797378540039,303.36328125,0.27734375,0.67578125
GRPO-Clip (e2/tb256),grpo_clip,67,134,2,0.18782424926757812,5.5625,0.004619968502083793,0.14037079206173075,0.07387816905975342,276.73828125,0.33984375,0.69921875
GRPO-Clip (e2/tb256),grpo_clip,68,136,2,0.19085311889648438,11.25,0.008108984329737723,0.14832490289700218,0.36263132095336914,271.83984375,0.3359375,0.734375
GRPO-Clip (e2/tb256),grpo_clip,69,138,2,0.1813793182373047,294912.0,319973.1687442546,0.16308897436101688,0.12253859639167786,341.07421875,0.24609375,0.58984375
GRPO-Clip (e2/tb256),grpo_clip,70,140,2,0.19167804718017578,64.5,0.03305898999678902,0.16576755437563406,0.27641308307647705,310.421875,0.32421875,0.6875
GRPO-Clip (e2/tb256),grpo_clip,71,142,2,0.1651979684829712,1600.0,0.5464093883347232,0.17945358211363782,-0.025967955589294434,338.51953125,0.30078125,0.61328125
GRPO-Clip (e2/tb256),grpo_clip,72,144,2,0.16910767555236816,4048.0,0.7905362083110958,0.1691469662982854,-0.207308828830719,345.73046875,0.32421875,0.61328125
GRPO-Clip (e2/tb256),grpo_clip,73,146,2,0.15745759010314941,6.15625,0.01117817367776297,0.17750198041903786,0.42395734786987305,320.19140625,0.3515625,0.6953125
GRPO-Clip (e2/tb256),grpo_clip,74,148,2,0.16470551490783691,20.625,0.009775399244972505,0.23238490361109143,0.48812514543533325,305.80078125,0.35546875,0.73046875
GRPO-Clip (e2/tb256),grpo_clip,75,150,2,0.15157127380371094,16.0,0.010355953825637698,0.19842653079831507,0.3096269369125366,333.99609375,0.33984375,0.609375
GRPO-Clip (e2/tb256),grpo_clip,76,152,2,0.1545346975326538,62.5,0.02796266760560684,0.18927492114016786,-0.03435450792312622,388.8359375,0.20703125,0.58984375
GRPO-Clip (e2/tb256),grpo_clip,77,154,2,0.09887456893920898,4112384.0,309.7649761456996,0.2039320365729509,0.20053482055664062,466.85546875,0.17578125,0.48828125
GRPO-Clip (e2/tb256),grpo_clip,78,156,2,0.12184956669807434,142.0,0.0690374078694731,0.2193440118644503,-0.05337435007095337,404.0703125,0.296875,0.61328125
GRPO-Clip (e2/tb256),grpo_clip,79,158,2,0.1044691801071167,219.0,0.03904679630068131,0.21302784481667913,0.08376991748809814,413.28515625,0.390625,0.59375
GRPO-Clip (e2/tb256),grpo_clip,80,160,2,0.08543622493743896,864.0,0.2569949057069607,0.19997819721174892,-0.1907801628112793,461.24609375,0.28125,0.54296875
GRPO-Clip (e2/tb256),grpo_clip,81,162,2,0.13449670374393463,86016.0,8.552492283517495,0.2192936735591502,-0.2357713133096695,395.26171875,0.23828125,0.62109375
GRPO-Clip (e2/tb256),grpo_clip,82,164,2,0.136326402425766,8585216.0,1133.8166702181334,0.19204974081367254,-0.26995599269866943,486.8359375,0.15625,0.515625
GRPO-Clip (e2/tb256),grpo_clip,83,166,2,0.10823184251785278,10239202033664.0,587206170.4475398,0.2143074699488352,-0.39175987243652344,421.48046875,0.203125,0.58203125
GRPO-Clip (e2/tb256),grpo_clip,84,168,2,0.11154502630233765,434176.0,45.52433436494903,0.16335372960020322,-0.262958288192749,501.90625,0.2109375,0.515625
GRPO-Clip (e2/tb256),grpo_clip,85,170,2,0.14653408527374268,27787264.0,61553.89775713545,0.21250327946108882,-0.6592788696289062,402.12890625,0.28125,0.60546875
GRPO-Clip (e2/tb256),grpo_clip,86,172,2,0.15557217597961426,60555264.0,5909.6379354099045,0.1894522711299942,-0.7292499542236328,401.09765625,0.296875,0.60546875
GRPO-Clip (e2/tb256),grpo_clip,87,174,2,0.1691344976425171,1672.0,0.3400586993084289,0.16733781073526188,0.00673753023147583,379.38671875,0.3046875,0.58203125
GRPO-Clip (e2/tb256),grpo_clip,88,176,2,0.16614556312561035,3.71875,0.011185562907485291,0.19753618907998316,0.48000144958496094,332.26171875,0.25390625,0.70703125
GRPO-Clip (e2/tb256),grpo_clip,89,178,2,0.15513861179351807,4.90625,0.008698707504663616,0.21348924317862839,0.45708300918340683,354.3125,0.28515625,0.66796875
GRPO-Clip (e2/tb256),grpo_clip,90,180,2,0.14991497993469238,1880.0,0.5952516435354482,0.1857941507405485,0.1760045476257801,366.33203125,0.296875,0.63671875
GRPO-Clip (e2/tb256),grpo_clip,91,182,2,0.14596322178840637,64.5,0.038332028867444023,0.20046717958030058,0.6644554138183594,437.265625,0.1796875,0.56640625
GRPO-Clip (e2/tb256),grpo_clip,92,184,2,0.16165071725845337,4194304.0,551.5023457338684,0.2097150824338314,0.015939056873321533,370.6796875,0.27734375,0.65625
GRPO-Clip (e2/tb256),grpo_clip,93,186,2,0.13346469402313232,587202560.0,119037.47310191553,0.18823703476664377,-0.529259204864502,424.1640625,0.3203125,0.6171875
GRPO-Clip (e2/tb256),grpo_clip,94,188,2,0.12526650726795197,943718400.0,86208.3315389516,0.18483558359730523,-0.4880144000053406,414.22265625,0.265625,0.62890625
GRPO-Clip (e2/tb256),grpo_clip,95,190,2,0.14696085453033447,272629760.0,30839.58136125625,0.17795558880607132,-0.5835757255554199,393.87109375,0.34765625,0.61328125
GRPO-Clip (e2/tb256),grpo_clip,96,192,2,0.16656208038330078,3.140625,0.0018796762451529503,0.10337518459709827,0.18006139993667603,391.61328125,0.31640625,0.59765625
GRPO-Clip (e2/tb256),grpo_clip,97,194,2,0.11223313957452774,3.0625,0.022597817878704518,0.2223711695842212,1.148916244506836,450.0390625,0.23046875,0.609375
GRPO-Clip (e2/tb256),grpo_clip,98,196,2,0.1297043263912201,19.25,0.012709910719422624,0.19027560432004975,0.3542306423187256,455.1328125,0.2109375,0.5390625
GRPO-Clip (e2/tb256),grpo_clip,99,198,2,0.11689747869968414,15728640.0,1526.6776999151625,0.1955023186892504,-0.18729105591773987,467.93359375,0.22265625,0.55859375
GRPO-Clip (e2/tb256),grpo_clip,100,200,2,0.09596992284059525,13287555072.0,1478569.314848566,0.202302824734943,-0.625579833984375,480.65234375,0.24609375,0.51953125
GRPO-Clip (e2/tb256),grpo_clip,101,202,2,0.12263263761997223,440401920.0,68687.01924519188,0.19605685141505091,-0.8424258232116699,435.89453125,0.33984375,0.58984375
GRPO-Clip (e2/tb256),grpo_clip,102,204,2,0.10099780559539795,14965276672.0,1888605.2682182575,0.1478021253424231,-0.6301732063293457,514.515625,0.24609375,0.51171875
GRPO-Clip (e2/tb256),grpo_clip,103,206,2,0.10594868659973145,2408448.0,468.787265722407,0.18612231448787497,-0.6136054992675781,497.203125,0.2578125,0.51171875
GRPO-Clip (e2/tb256),grpo_clip,104,208,2,0.13736215233802795,333447168.0,59316.162350770144,0.1452882004887215,-0.41294002532958984,475.7578125,0.21484375,0.515625
GRPO-Clip (e2/tb256),grpo_clip,105,210,2,0.1666027307510376,20.625,0.0075171045027673244,0.15059838800880243,0.347170889377594,376.54296875,0.265625,0.625
GRPO-Clip (e2/tb256),grpo_clip,106,212,2,0.12229609489440918,36.75,0.02320194423373323,0.15722801722586155,0.6262931823730469,443.34765625,0.28125,0.578125
GRPO-Clip (e2/tb256),grpo_clip,107,214,2,0.12005007266998291,5.5625,0.00941840308951214,0.16577763557143044,0.3701869249343872,434.828125,0.35546875,0.625
GRPO-Clip (e2/tb256),grpo_clip,108,216,2,0.08108958601951599,45.0,0.018138959509087726,0.12888334461604245,0.4394230842590332,560.94921875,0.2109375,0.4375
GRPO-Clip (e2/tb256),grpo_clip,109,218,2,0.08676397800445557,34304.0,6.091260329354554,0.1614836938024382,0.44090771675109863,587.66796875,0.125,0.4453125
GRPO-Clip (e2/tb256),grpo_clip,110,220,2,0.08534929156303406,35165044736.0,2213789.776261031,0.11941920201934408,-0.14142410084605217,607.13671875,0.19921875,0.3671875
GRPO-Clip (e2/tb256),grpo_clip,111,222,2,0.0789792537689209,287309824.0,30422.07369631843,0.12663729691121262,-0.3817901611328125,660.45703125,0.171875,0.32421875
GRPO-Clip (e2/tb256),grpo_clip,112,224,2,0.12989142537117004,687194767360.0,81642364.63576907,0.13437467432959238,-0.3720666170120239,520.27734375,0.26953125,0.515625
GRPO-Clip (e2/tb256),grpo_clip,113,226,2,0.11056588590145111,inf,2335461363881860.0,0.11714878469501855,-0.546959400177002,600.12109375,0.2265625,0.3828125
GRPO-Clip (e2/tb256),grpo_clip,114,228,2,0.13215860724449158,1535115264.0,311235.94532469526,0.13649414308019914,-0.5144987106323242,524.80078125,0.22265625,0.46484375
GRPO-Clip (e2/tb256),grpo_clip,115,230,2,0.13102495670318604,574619648.0,48978.67587465816,0.10616679806116736,-0.41019248962402344,542.51953125,0.23828125,0.45703125
GRPO-Clip (e2/tb256),grpo_clip,116,232,2,0.21806924045085907,8321499136.0,1075534.8982046857,0.12956149860838195,-0.5737929344177246,390.16796875,0.30078125,0.59765625
GRPO-Clip (e2/tb256),grpo_clip,117,234,2,0.18174755573272705,2.390625,0.0014887107245158404,0.14063386400448508,0.4181668609380722,440.66796875,0.24609375,0.53515625
GRPO-Clip (e2/tb256),grpo_clip,118,236,2,0.17843377590179443,3178496.0,214.56974310352234,0.0892791978749301,-0.12367337942123413,393.6875,0.28125,0.58984375
GRPO-Clip (e2/tb256),grpo_clip,119,238,2,0.19067227840423584,2.453125,0.004445685335667804,0.14386153985833516,0.4896169900894165,360.75,0.328125,0.6640625
GRPO-Clip (e2/tb256),grpo_clip,120,240,2,0.18164712190628052,3129344.0,380.4039639548573,0.12297988736099796,0.28728151321411133,393.77734375,0.296875,0.609375
GRPO-Clip (e2/tb256),grpo_clip,121,242,2,0.17907917499542236,8.75,0.007814455108018592,0.1359473984921351,0.5038557127118111,411.23828125,0.27734375,0.59375
GRPO-Clip (e2/tb256),grpo_clip,122,244,2,0.16526305675506592,1753088.0,2334.2719391199353,0.13385648888652213,0.10878986120223999,405.95703125,0.2265625,0.59375
GRPO-Clip (e2/tb256),grpo_clip,123,246,2,0.12801812589168549,5.0,0.003964509654906578,0.1574155653397611,0.4320763349533081,488.125,0.23828125,0.5390625
GRPO-Clip (e2/tb256),grpo_clip,124,248,2,0.08886110782623291,33.5,0.004849267832469195,0.13025891492361552,0.28877848759293556,528.796875,0.21875,0.45703125
GRPO-Clip (e2/tb256),grpo_clip,125,250,2,0.10266274213790894,11200.0,1.273349792463705,0.11926032728661085,0.1619977504014969,528.5390625,0.19921875,0.49609375
GRPO-Clip (e2/tb256),grpo_clip,126,252,2,0.13304083049297333,7.53125,0.0045919429685454816,0.1831207951036049,0.44276273250579834,448.71484375,0.26171875,0.56640625
GRPO-Clip (e2/tb256),grpo_clip,127,254,2,0.11507351696491241,177.0,0.028298033692408353,0.11708346127852565,0.19750356674194336,463.0546875,0.34375,0.5546875
GRPO-Clip (e2/tb256),grpo_clip,128,256,2,0.11782379448413849,73400320.0,13935.954925666476,0.10657598297257209,-0.10942445695400238,512.2421875,0.3359375,0.515625
GRPO-Clip (e2/tb256),grpo_clip,129,258,2,0.10163670778274536,2600468480.0,277303.60039651726,0.14470286727009807,-0.46268391609191895,550.3515625,0.171875,0.4609375
GRPO-Clip (e2/tb256),grpo_clip,130,260,2,0.13190680742263794,44040192.0,3821.004279947083,0.12666860367608024,-0.35142219066619873,467.28125,0.2734375,0.55078125
GRPO-Clip (e2/tb256),grpo_clip,131,262,2,0.12559041380882263,33260226740224.0,1858158793.1912582,0.13581639176118188,-0.5815162658691406,508.875,0.2109375,0.4609375
GRPO-Clip (e2/tb256),grpo_clip,132,264,2,0.15536662936210632,3096224743817216.0,349689674672.4156,0.14405773412727285,-0.6324336528778076,380.453125,0.35546875,0.62109375
GRPO-Clip (e2/tb256),grpo_clip,133,266,2,0.18071448802947998,1736441856.0,470739.0388476348,0.14513094284484396,-0.6803479194641113,403.8125,0.203125,0.55859375
GRPO-Clip (e2/tb256),grpo_clip,134,268,2,0.18437349796295166,1224736768.0,155046.65501749274,0.13534963795973454,0.06618869304656982,395.1796875,0.20703125,0.5703125
GRPO-Clip (e2/tb256),grpo_clip,135,270,2,0.1831129789352417,7360.0,1.299283082189504,0.14762373019766528,0.24387646466493607,409.16015625,0.25,0.58203125
GRPO-Clip (e2/tb256),grpo_clip,136,272,2,0.14965009689331055,20.0,0.02347866026684642,0.16613669284561183,0.9021024703979492,422.67578125,0.23828125,0.54296875
GRPO-Clip (e2/tb256),grpo_clip,137,274,2,0.16311776638031006,10158080.0,629.5349851490464,0.19834897362306947,-0.10762915015220642,368.8203125,0.27734375,0.609375
GRPO-Clip (e2/tb256),grpo_clip,138,276,2,0.17908930778503418,4496293888.0,395209.8872208721,0.20461118693492608,0.3496980667114258,406.0703125,0.27734375,0.5625
GRPO-Clip (e2/tb256),grpo_clip,139,278,2,0.14850249886512756,5504.0,1.1153560994716827,0.24790535030479077,0.400631383061409,376.8046875,0.3125,0.640625
GRPO-Clip (e2/tb256),grpo_clip,140,280,2,0.18555793166160583,73.5,0.023459421732695773,0.19720451379544102,0.6511616706848145,342.515625,0.2421875,0.640625
GRPO-Clip (e2/tb256),grpo_clip,141,282,2,0.10123848915100098,16768.0,2.0154494483431336,0.1762609920988325,0.030554331839084625,462.4609375,0.296875,0.5625
GRPO-Clip (e2/tb256),grpo_clip,142,284,2,0.142383873462677,5308416.0,577.7277103773085,0.22802344542287756,-0.5600419044494629,389.375,0.26953125,0.58203125
GRPO-Clip (e2/tb256),grpo_clip,143,286,2,0.11736500263214111,330712481792.0,32810331.823328942,0.26557298063562484,-1.045119285583496,482.02734375,0.24609375,0.53515625
GRPO-Clip (e2/tb256),grpo_clip,144,288,2,0.10433149337768555,1213860837064704.0,125278477147.63326,0.1955467923762626,-1.1361465454101562,460.5625,0.2265625,0.51171875
GRPO-Clip (e2/tb256),grpo_clip,145,290,2,0.10595005750656128,129742372077568.0,15396959494.324816,0.2373418195056729,-1.465850830078125,470.17578125,0.140625,0.53125
GRPO-Clip (e2/tb256),grpo_clip,146,292,2,0.11323046684265137,3.062447746611937e+17,60351179523253.984,0.22064866723667365,-1.9203834533691406,451.54296875,0.2109375,0.51953125
GRPO-Clip (e2/tb256),grpo_clip,147,294,2,0.14820516109466553,22675456.0,4802.6094975028245,0.15614075717166997,-0.13827714323997498,351.22265625,0.296875,0.66015625
GRPO-Clip (e2/tb256),grpo_clip,148,296,2,0.1645122766494751,1417216.0,251.37449665847817,0.14388471256825142,0.7217170000076294,359.73046875,0.296875,0.62109375
GRPO-Clip (e2/tb256),grpo_clip,149,298,2,0.11652323603630066,3.875,0.01303306856425479,0.20093284622271312,1.4397306442260742,454.58984375,0.23046875,0.53125
GRPO-Clip (e2/tb256),grpo_clip,150,300,2,0.11094462871551514,2352.0,0.28808794473297894,0.14291153348676744,0.18257492780685425,520.05859375,0.17578125,0.46875
GRPO-Clip (e2/tb256),grpo_clip,151,302,2,0.14340803027153015,7733248.0,526.4737862216425,0.2135194332258834,-0.43092024326324463,410.1640625,0.203125,0.57421875
GRPO-Clip (e2/tb256),grpo_clip,152,304,2,0.18253159523010254,235520.0,34.604030645044986,0.18396062255851575,-0.2647133842110634,344.7890625,0.25,0.62109375
GRPO-Clip (e2/tb256),grpo_clip,153,306,2,0.15742770582437515,29.625,0.004870339937042445,0.13773944839340402,0.2625194191932678,404.0,0.234375,0.5703125
GRPO-Clip (e2/tb256),grpo_clip,154,308,2,0.1102772057056427,5.9375,0.006824370240792632,0.20105712392978603,0.505878210067749,454.375,0.2578125,0.5546875
GRPO-Clip (e2/tb256),grpo_clip,155,310,2,0.1300060749053955,5440.0,1.2338428586663213,0.1585378424861119,-0.03851870074868202,423.7109375,0.28125,0.56640625
GRPO-Clip (e2/tb256),grpo_clip,156,312,2,0.14082133769989014,1785856.0,121.59045123317628,0.18471588437023456,-0.30486801266670227,428.421875,0.1875,0.546875
GRPO-Clip (e2/tb256),grpo_clip,157,314,2,0.14815080165863037,591396864.0,52400.14753242192,0.19852938895928673,-0.2691868245601654,373.84375,0.26953125,0.640625
GRPO-Clip (e2/tb256),grpo_clip,158,316,2,0.1304505467414856,3934190043136.0,350889863.2884923,0.1746591170085594,-0.029724571853876114,422.29296875,0.2109375,0.61328125
GRPO-Clip (e2/tb256),grpo_clip,159,318,2,0.16503429412841797,86528.0,13.88161693274742,0.1744566073975875,-0.1630241870880127,371.8125,0.28125,0.60546875
GRPO-Clip (e2/tb256),grpo_clip,160,320,2,0.1197587251663208,3204448256.0,184088.82653348445,0.17090944130904973,-0.5827028751373291,432.0078125,0.30859375,0.58984375
GRPO-Clip (e2/tb256),grpo_clip,161,322,2,0.13504672050476074,1012.0,0.11744146840646863,0.16341021514381282,0.2669527530670166,380.7265625,0.2890625,0.62890625
GRPO-Clip (e2/tb256),grpo_clip,162,324,2,0.13271963596343994,89128960.0,5436.765605386579,0.17800280138544622,-0.1862550973892212,415.17578125,0.28125,0.58203125
GRPO-Clip (e2/tb256),grpo_clip,163,326,2,0.1383533477783203,1007616.0,130.64711139624706,0.20036439453542698,-0.07016734778881073,377.96484375,0.359375,0.63671875
GRPO-Clip (e2/tb256),grpo_clip,164,328,2,0.11907404661178589,315392.0,46.24007848021574,0.1496632257476449,-0.2279336154460907,470.45703125,0.25390625,0.515625
GRPO-Clip (e2/tb256),grpo_clip,165,330,2,0.13239943981170654,8.9375,0.0015195288287941366,0.2348971747123869,0.46416568756103516,388.91015625,0.21875,0.609375
GRPO-Clip (e2/tb256),grpo_clip,166,332,2,0.1504872888326645,46439333888.0,8783526.382265262,0.20039572858149768,-0.5154747366905212,376.71875,0.32421875,0.62890625
GRPO-Clip (e2/tb256),grpo_clip,167,334,2,0.1587451696395874,3.9181316758123315e+17,274103138149884.6,0.2016281380529108,-1.1844764947891235,352.296875,0.3359375,0.68359375
GRPO-Clip (e2/tb256),grpo_clip,168,336,2,0.14242583513259888,77846282240.0,5373983.744717777,0.13678306466317736,-0.3799266815185547,432.23046875,0.20703125,0.53515625
GRPO-Clip (e2/tb256),grpo_clip,169,338,2,0.1853325366973877,260096.0,21.062309067172464,0.13837011863506632,0.016274064779281616,338.7578125,0.3671875,0.671875
GRPO-Clip (e2/tb256),grpo_clip,170,340,2,0.18355274200439453,28672.0,4.781967155140592,0.13432261441812443,0.014206431806087494,376.6953125,0.2734375,0.625
GRPO-Clip (e2/tb256),grpo_clip,171,342,2,0.14551830291748047,2.78125,0.014890075719449669,0.22947850423224736,1.50152587890625,336.40625,0.36328125,0.68359375
GRPO-Clip (e2/tb256),grpo_clip,172,344,2,0.1677488088607788,3315714752512.0,348672014.1569179,0.20598928499384783,-0.7740353345870972,336.59765625,0.3671875,0.6796875
GRPO-Clip (e2/tb256),grpo_clip,173,346,2,0.1728615164756775,1.953125,0.010892712984059472,0.20677332695777295,0.8850135803222656,261.6015625,0.45703125,0.75390625
GRPO-Clip (e2/tb256),grpo_clip,174,348,2,0.17152225971221924,8280696946688.0,1090691837.027281,0.2434037655220891,-0.8988428115844727,342.546875,0.3359375,0.66796875
GRPO-Clip (e2/tb256),grpo_clip,175,350,2,0.16841959953308105,7918845952.0,536661.1783131881,0.2117739090026589,-0.600500613451004,332.56640625,0.28125,0.65234375
GRPO-Clip (e2/tb256),grpo_clip,176,352,2,0.2006150484085083,268288.0,43.17191493458813,0.15336461954939296,0.2476394772529602,291.5703125,0.359375,0.73828125
GRPO-Clip (e2/tb256),grpo_clip,177,354,2,0.18413186818361282,13.0625,0.017926190106663853,0.22427481736667687,1.239278793334961,288.59375,0.39453125,0.70703125
GRPO-Clip (e2/tb256),grpo_clip,178,356,2,0.17038118839263916,97517568.0,7712.62207553364,0.23623158372356556,0.09325921535491943,299.80078125,0.35546875,0.68359375
GRPO-Clip (e2/tb256),grpo_clip,179,358,2,0.17640480399131775,100.0,0.028429106911062263,0.2899218010934419,1.632558822631836,274.484375,0.34375,0.71484375
GRPO-Clip (e2/tb256),grpo_clip,180,360,2,0.14312243461608887,9.875,0.03916395117994398,0.3790243502589874,2.9771881103515625,259.875,0.35546875,0.7734375
GRPO-Clip (e2/tb256),grpo_clip,181,362,2,0.13028869032859802,1236950581248.0,51249505.19071682,0.4226880802307278,-0.4804553985595703,248.7734375,0.4296875,0.828125
GRPO-Clip (e2/tb256),grpo_clip,182,364,2,0.1324070692062378,730144440320.0,45102433.813589156,0.3379673974122852,-0.8369097709655762,302.31640625,0.3828125,0.71875
GRPO-Clip (e2/tb256),grpo_clip,183,366,2,0.13385705649852753,1.3229323905400832e+17,5634097025649.348,0.32061821619572584,-1.3281879425048828,299.828125,0.37109375,0.69140625
GRPO-Clip (e2/tb256),grpo_clip,184,368,2,0.12792253494262695,inf,4875439916146705.0,0.4197567010560306,-2.3091049194335938,298.984375,0.3203125,0.74609375
GRPO-Clip (e2/tb256),grpo_clip,185,370,2,0.1543489694595337,20401094656.0,2112002.421458749,0.2945169857412111,-0.14494919776916504,255.02734375,0.35546875,0.78515625
GRPO-Clip (e2/tb256),grpo_clip,186,372,2,0.1640394926071167,51968.0,9.373191328922985,0.286597717407858,0.07692241668701172,285.5234375,0.3046875,0.75
GRPO-Clip (e2/tb256),grpo_clip,187,374,2,0.1372087001800537,74.0,0.03556636525900103,0.42897032340988517,2.7545433044433594,279.98046875,0.30859375,0.76171875
GRPO-Clip (e2/tb256),grpo_clip,188,376,2,0.10652044415473938,244.0,0.03992845452739857,0.5090581090480555,2.951838493347168,235.6484375,0.359375,0.77734375
GRPO-Clip (e2/tb256),grpo_clip,189,378,2,0.07927709817886353,14417920.0,1796.9262644363625,0.4947084192681359,0.45789575576782227,278.5,0.37890625,0.73046875
GRPO-Clip (e2/tb256),grpo_clip,190,380,2,0.08260056376457214,1486058684416.0,92229203.32789318,0.4026117966277525,-1.0312085151672363,271.91015625,0.3671875,0.78515625
GRPO-Clip (e2/tb256),grpo_clip,191,382,2,0.07794280466623604,4294967296000.0,247491622.18582794,0.4075305738952011,-1.0030601024627686,316.72265625,0.359375,0.765625
GRPO-Clip (e2/tb256),grpo_clip,192,384,2,0.08305442333221436,3659174697238528.0,230447638217.5624,0.46094921852636617,-1.063478946685791,256.1484375,0.3828125,0.76953125
GRPO-Clip (e2/tb256),grpo_clip,193,386,2,0.1007866095751524,inf,2.19345317100791e+16,0.4538211376348045,-2.1008336544036865,271.10546875,0.38671875,0.76171875
GRPO-Clip (e2/tb256),grpo_clip,194,388,2,0.09583069384098053,inf,4.565279262416111e+32,0.4274424084869679,-3.6206750869750977,289.0625,0.34375,0.7734375
GRPO-Clip (e2/tb256),grpo_clip,195,390,2,0.14156338572502136,nan,nan,0.35845608786621597,-4.411119192838669,258.046875,0.3828125,0.79296875
GRPO-Clip (e2/tb256),grpo_clip,196,392,2,nan,nan,nan,1.0,nan,1024.0,0.0,0.0
GRPO-Clip (e2/tb256),grpo_clip,197,394,2,nan,nan,nan,1.0,nan,1024.0,0.0,0.0
GRPO-Clip (e2/tb256),grpo_clip,198,396,2,nan,nan,nan,1.0,nan,1024.0,0.0,0.0
GRPO-Clip (e2/tb256),grpo_clip,199,398,2,nan,nan,nan,1.0,nan,1024.0,0.0,0.0
GRPO-Clip (e2/tb256),grpo_clip,200,400,2,nan,nan,nan,1.0,nan,1024.0,0.0,0.0
GRPO-No-Clip (e2/tb256),grpo_no_clip,1,2,2,0.6900405883789062,5.65625,-0.040692572976695374,,0.30278491973876953,305.171875,0.015625,0.1796875
GRPO-No-Clip (e2/tb256),grpo_no_clip,2,4,2,0.5463790893554688,3312.0,8.83899957605172,,0.03866496682167053,130.89453125,0.16796875,0.8046875
GRPO-No-Clip (e2/tb256),grpo_no_clip,3,6,2,0.6007232666015625,4.34375,-0.07167955860495567,,0.014946669340133667,50.37109375,0.140625,0.93359375
GRPO-No-Clip (e2/tb256),grpo_no_clip,4,8,2,0.6567840576171875,0.6875,-0.010530593019211665,,-0.007530778646469116,31.01953125,0.16015625,0.97265625
GRPO-No-Clip (e2/tb256),grpo_no_clip,5,10,2,0.603240966796875,1.6875,-0.02093925781082362,,0.024574369192123413,30.25390625,0.2734375,0.953125
GRPO-No-Clip (e2/tb256),grpo_no_clip,6,12,2,0.509521484375,51.25,-0.11646133125759661,,0.13849854469299316,30.19921875,0.25390625,0.9453125
GRPO-No-Clip (e2/tb256),grpo_no_clip,7,14,2,0.4100055694580078,2.21875,-0.01951786401332356,,0.11064460873603821,38.9453125,0.30078125,0.9453125
GRPO-No-Clip (e2/tb256),grpo_no_clip,8,16,2,0.3873300552368164,20.625,-0.05947598596685566,,0.013213962316513062,38.72265625,0.1953125,0.9375
GRPO-No-Clip (e2/tb256),grpo_no_clip,9,18,2,0.5088768005371094,1.84375,-0.01757060849922709,,0.010099053382873535,35.734375,0.140625,0.97265625
GRPO-No-Clip (e2/tb256),grpo_no_clip,10,20,2,0.4671297073364258,1.125,-0.010249407001538202,,0.021305084228515625,45.23046875,0.234375,0.97265625
GRPO-No-Clip (e2/tb256),grpo_no_clip,11,22,2,0.6381912231445312,0.91796875,-0.005700313515262678,,0.025294959545135498,41.16015625,0.1796875,0.9609375
GRPO-No-Clip (e2/tb256),grpo_no_clip,12,24,2,0.663726806640625,2.3125,-0.012945435213623568,,0.030642151832580566,38.4296875,0.26171875,0.953125
GRPO-No-Clip (e2/tb256),grpo_no_clip,13,26,2,0.6521377563476562,1.1015625,-0.01351763220736757,,0.04735894501209259,51.3203125,0.16015625,0.93359375
GRPO-No-Clip (e2/tb256),grpo_no_clip,14,28,2,0.6727828979492188,17.0,-0.019721583608770743,,0.05671665072441101,56.1328125,0.203125,0.91796875
GRPO-No-Clip (e2/tb256),grpo_no_clip,15,30,2,0.5092239379882812,5.0625,-0.031174675386864692,,0.13317608833312988,35.80859375,0.18359375,0.953125
GRPO-No-Clip (e2/tb256),grpo_no_clip,16,32,2,0.4877662658691406,5.375,-0.01329964178148657,,0.16014701128005981,53.40234375,0.2265625,0.90625
GRPO-No-Clip (e2/tb256),grpo_no_clip,17,34,2,0.5079269409179688,216.0,-0.15241665704525076,,0.17200469970703125,55.12109375,0.27734375,0.84375
GRPO-No-Clip (e2/tb256),grpo_no_clip,18,36,2,0.5111274719238281,240123904.0,160154.15555743492,,0.03741477429866791,108.09375,0.30078125,0.7890625
GRPO-No-Clip (e2/tb256),grpo_no_clip,19,38,2,0.5101242065429688,4896.0,-2.4055376656760927,,-0.0934596061706543,90.765625,0.1484375,0.89453125
GRPO-No-Clip (e2/tb256),grpo_no_clip,20,40,2,0.64215087890625,2336.0,-1.4165662264276762,,-0.010436240583658218,60.93359375,0.21875,0.92578125
GRPO-No-Clip (e2/tb256),grpo_no_clip,21,42,2,0.7448444366455078,6.28125,-0.029652847413672134,,-0.0283796489238739,60.671875,0.19140625,0.92578125
GRPO-No-Clip (e2/tb256),grpo_no_clip,22,44,2,0.667236328125,1.5546875,-0.00964865501737222,,-0.033131182193756104,77.02734375,0.2890625,0.90234375
GRPO-No-Clip (e2/tb256),grpo_no_clip,23,46,2,0.6249542236328125,2.390625,-0.009162604052107781,,-0.027348466217517853,66.0,0.3125,0.92578125
GRPO-No-Clip (e2/tb256),grpo_no_clip,24,48,2,0.6120033264160156,1.3515625,-0.010366544709540904,,-0.010511903092265129,79.5625,0.19140625,0.93359375
GRPO-No-Clip (e2/tb256),grpo_no_clip,25,50,2,0.5796432495117188,0.486328125,-0.0026866869011428207,,-0.0032342076301574707,69.31640625,0.3359375,0.94140625
GRPO-No-Clip (e2/tb256),grpo_no_clip,26,52,2,0.5988616943359375,0.220703125,-0.0017191913502756506,,0.004814893007278442,68.2578125,0.27734375,0.93359375
GRPO-No-Clip (e2/tb256),grpo_no_clip,27,54,2,0.50177001953125,0.28125,-0.0019984326499979943,,0.002449527382850647,84.33984375,0.2578125,0.9296875
GRPO-No-Clip (e2/tb256),grpo_no_clip,28,56,2,0.5169448852539062,0.578125,-0.0025918186584021896,,-0.00025158561766147614,72.91796875,0.35546875,0.95703125
GRPO-No-Clip (e2/tb256),grpo_no_clip,29,58,2,0.5405120849609375,0.255859375,-0.0009260581282433122,,-0.0009916648268699646,55.796875,0.28515625,0.9921875
GRPO-No-Clip (e2/tb256),grpo_no_clip,30,60,2,0.5385284423828125,1.3984375,-0.003140829736366868,,0.005866393446922302,61.66015625,0.1953125,0.97265625
GRPO-No-Clip (e2/tb256),grpo_no_clip,31,62,2,0.5131111145019531,0.423828125,-0.002512297302018851,,0.010748952627182007,73.4375,0.23046875,0.95703125
GRPO-No-Clip (e2/tb256),grpo_no_clip,32,64,2,0.48236083984375,0.36328125,-0.002127235900843516,,0.004891186952590942,59.0390625,0.2890625,0.984375
GRPO-No-Clip (e2/tb256),grpo_no_clip,33,66,2,0.48370361328125,0.91015625,-0.0030097861599642783,,0.003837890923023224,70.171875,0.3984375,0.97265625
GRPO-No-Clip (e2/tb256),grpo_no_clip,34,68,2,0.40966033935546875,0.61328125,-0.004899506981018931,,0.01325974240899086,68.3125,0.37109375,0.97265625
GRPO-No-Clip (e2/tb256),grpo_no_clip,35,70,2,0.4614372253417969,1.03125,-0.0034710764593910426,,0.013907626271247864,72.65625,0.38671875,0.96875
GRPO-No-Clip (e2/tb256),grpo_no_clip,36,72,2,0.3993263244628906,0.99609375,-0.005445753602543846,,0.0050207749009132385,90.59765625,0.38671875,0.953125
GRPO-No-Clip (e2/tb256),grpo_no_clip,37,74,2,0.38525390625,0.2412109375,-0.0017118596006184816,,0.00842978060245514,92.50390625,0.36328125,0.93359375
GRPO-No-Clip (e2/tb256),grpo_no_clip,38,76,2,0.40244293212890625,0.361328125,-0.002828173426678404,,0.007198601961135864,100.3125,0.34375,0.90234375
GRPO-No-Clip (e2/tb256),grpo_no_clip,39,78,2,0.3522224426269531,0.58203125,-0.0025807841739151627,,0.00783015787601471,115.1640625,0.41796875,0.9453125
GRPO-No-Clip (e2/tb256),grpo_no_clip,40,80,2,0.36243438720703125,0.326171875,-0.001850105240009725,,0.012550342828035355,108.01171875,0.3359375,0.9296875
GRPO-No-Clip (e2/tb256),grpo_no_clip,41,82,2,0.3211326599121094,0.236328125,-0.0014869725855533034,,0.008208140730857849,153.71875,0.39453125,0.85546875
GRPO-No-Clip (e2/tb256),grpo_no_clip,42,84,2,0.26976776123046875,1.1640625,-0.0036399959353730083,,0.015416428446769714,132.00390625,0.46484375,0.9296875
GRPO-No-Clip (e2/tb256),grpo_no_clip,43,86,2,0.2606239318847656,0.3125,-0.0037484402710106224,,0.031317949295043945,132.29296875,0.375,0.93359375
GRPO-No-Clip (e2/tb256),grpo_no_clip,44,88,2,0.23076629638671875,0.439453125,-0.0029230996151454747,,0.02879321575164795,135.046875,0.46484375,0.93359375
GRPO-No-Clip (e2/tb256),grpo_no_clip,45,90,2,0.1967487335205078,0.1611328125,-0.001221072452608496,,0.013497963547706604,247.49609375,0.38671875,0.765625
GRPO-No-Clip (e2/tb256),grpo_no_clip,46,92,2,0.1795635223388672,0.466796875,-0.0019618768710643053,,0.011480748653411865,200.69921875,0.53125,0.8515625
GRPO-No-Clip (e2/tb256),grpo_no_clip,47,94,2,0.18457794189453125,0.51953125,-0.002027526847086847,,0.004808545112609863,220.12890625,0.48828125,0.859375
GRPO-No-Clip (e2/tb256),grpo_no_clip,48,96,2,0.17434310913085938,2.828125,-0.017423536512069404,,0.0025699660181999207,219.1875,0.44140625,0.86328125
GRPO-No-Clip (e2/tb256),grpo_no_clip,49,98,2,0.14954566955566406,8.3125,-0.005221172294113785,,0.007758153602480888,199.734375,0.58984375,0.90625
GRPO-No-Clip (e2/tb256),grpo_no_clip,50,100,2,0.1507701873779297,0.318359375,-0.0011736807064153254,,0.004508228972554207,199.2578125,0.625,0.93359375
GRPO-No-Clip (e2/tb256),grpo_no_clip,51,102,2,0.15414047241210938,0.3671875,-0.0015967311337590218,,0.0034196078777313232,255.69140625,0.55859375,0.90625
GRPO-No-Clip (e2/tb256),grpo_no_clip,52,104,2,0.14952659606933594,2128.0,-0.8099354458099697,,0.009923741221427917,233.42578125,0.5546875,0.9453125
GRPO-No-Clip (e2/tb256),grpo_no_clip,53,106,2,0.13520526885986328,19.875,-0.03167508737533353,,0.008549124002456665,232.9921875,0.53515625,0.92578125
GRPO-No-Clip (e2/tb256),grpo_no_clip,54,108,2,0.11966514587402344,0.8125,-0.0015438449627254158,,0.009245350956916809,198.67578125,0.66796875,0.95703125
GRPO-No-Clip (e2/tb256),grpo_no_clip,55,110,2,0.12854766845703125,0.490234375,-0.0015326938009820879,,0.008408397436141968,202.0234375,0.42578125,0.9375
GRPO-No-Clip (e2/tb256),grpo_no_clip,56,112,2,0.09714508056640625,0.365234375,-0.0045896078227087855,,0.043883830308914185,157.796875,0.6953125,0.95703125
GRPO-No-Clip (e2/tb256),grpo_no_clip,57,114,2,0.0867166519165039,0.4609375,-0.002048359136097133,,0.031424760818481445,206.99609375,0.58984375,0.9765625
GRPO-No-Clip (e2/tb256),grpo_no_clip,58,116,2,0.08477306365966797,5.6875,-0.008397920668357983,,0.010583266615867615,218.80078125,0.53125,0.96484375
GRPO-No-Clip (e2/tb256),grpo_no_clip,59,118,2,0.07699918746948242,32.75,-0.014986397844040766,,0.04543215036392212,195.7578125,0.55859375,1.0
GRPO-No-Clip (e2/tb256),grpo_no_clip,60,120,2,0.07394027709960938,145.0,-0.16401220150873996,,0.032668232917785645,209.9921875,0.58203125,0.9765625
GRPO-No-Clip (e2/tb256),grpo_no_clip,61,122,2,0.07099056243896484,217.0,-0.12884782737819478,,0.028514042496681213,171.79296875,0.609375,0.98828125
GRPO-No-Clip (e2/tb256),grpo_no_clip,62,124,2,0.0719442367553711,804.0,-0.3722539787995629,,0.031537652015686035,223.70703125,0.49609375,0.98828125
GRPO-No-Clip (e2/tb256),grpo_no_clip,63,126,2,0.0729823112487793,166.0,-0.4001170438132249,,-0.011363327503204346,221.515625,0.6171875,0.96875
GRPO-No-Clip (e2/tb256),grpo_no_clip,64,128,2,0.06679439544677734,680.0,-0.31877336552133784,,-0.028509408235549927,215.0390625,0.6484375,0.98828125
GRPO-No-Clip (e2/tb256),grpo_no_clip,65,130,2,0.07598161697387695,316.0,-0.12423607805976644,,-0.006472408771514893,232.98046875,0.61328125,0.96484375
GRPO-No-Clip (e2/tb256),grpo_no_clip,66,132,2,0.06218147277832031,4.03125,-0.0069480785459745675,,0.06571614742279053,238.33984375,0.6875,0.984375
GRPO-No-Clip (e2/tb256),grpo_no_clip,67,134,2,0.0909271240234375,7503872.0,-5073.790938540857,,0.039612144231796265,232.98046875,0.609375,0.97265625
GRPO-No-Clip (e2/tb256),grpo_no_clip,68,136,2,0.19890499114990234,234496.0,-119.30102433665888,,0.0955178439617157,307.078125,0.6328125,0.90625
GRPO-No-Clip (e2/tb256),grpo_no_clip,69,138,2,0.21452856063842773,131072000.0,128821.60502798861,,-0.06482797861099243,256.4375,0.703125,0.95703125
GRPO-No-Clip (e2/tb256),grpo_no_clip,70,140,2,0.07663917541503906,2932736.0,1770.0714126456878,,-0.2670588791370392,323.41796875,0.62890625,0.8671875
GRPO-No-Clip (e2/tb256),grpo_no_clip,71,142,2,0.06702327728271484,3.0,0.0014971093041822314,,-0.005495592951774597,259.62109375,0.75390625,0.92578125
GRPO-No-Clip (e2/tb256),grpo_no_clip,72,144,2,0.07204151153564453,7.09375,-0.003825545805739239,,0.002695482224225998,356.03125,0.6796875,0.81640625
GRPO-No-Clip (e2/tb256),grpo_no_clip,73,146,2,0.1679058074951172,868.0,-0.5743537350790575,,0.023205623030662537,315.32421875,0.62890625,0.87109375
GRPO-No-Clip (e2/tb256),grpo_no_clip,74,148,2,0.08461952209472656,3280.0,-1.6559571628458798,,0.0025980323553085327,290.66796875,0.62109375,0.89453125
GRPO-No-Clip (e2/tb256),grpo_no_clip,75,150,2,0.11568260192871094,106.0,-0.07781235821312293,,0.07540622353553772,271.15625,0.69140625,0.91796875
GRPO-No-Clip (e2/tb256),grpo_no_clip,76,152,2,0.6153564453125,12992.0,-0.9486961936636362,,0.6690824627876282,344.5546875,0.546875,0.83203125
GRPO-No-Clip (e2/tb256),grpo_no_clip,77,154,2,2.275379180908203,656.0,-0.10648706537904218,,0.6192381381988525,308.609375,0.43359375,0.73046875
GRPO-No-Clip (e2/tb256),grpo_no_clip,78,156,2,2.7194786071777344,83456.0,-25.81463025600533,,0.1690514087677002,304.54296875,0.4140625,0.6640625
GRPO-No-Clip (e2/tb256),grpo_no_clip,79,158,2,1.7365951538085938,11665408.0,58307.863974631415,,-1.1364154815673828,395.859375,0.3359375,0.47265625
GRPO-No-Clip (e2/tb256),grpo_no_clip,80,160,2,0.783604621887207,105984.0,-1370.7345686261542,,-0.4807262532413006,403.21875,0.48046875,0.6328125
GRPO-No-Clip (e2/tb256),grpo_no_clip,81,162,2,0.0921030044555664,199680.0,439.53344117698725,,-0.17913222312927246,333.7578125,0.51171875,0.76171875
GRPO-No-Clip (e2/tb256),grpo_no_clip,82,164,2,0.14592552185058594,177.0,-0.6437030383967794,,-0.007119756191968918,394.15234375,0.38671875,0.66796875
GRPO-No-Clip (e2/tb256),grpo_no_clip,83,166,2,0.07662773132324219,2.015625,-0.002237715700175613,,-0.010692670941352844,363.921875,0.515625,0.76171875
GRPO-No-Clip (e2/tb256),grpo_no_clip,84,168,2,0.09343338012695312,0.275390625,-0.0009445667965337634,,-0.006653066724538803,320.125,0.57421875,0.78125
GRPO-No-Clip (e2/tb256),grpo_no_clip,85,170,2,0.09710121154785156,0.455078125,-0.0012444022577255964,,-0.00600259006023407,278.76171875,0.6484375,0.84375
GRPO-No-Clip (e2/tb256),grpo_no_clip,86,172,2,0.11967182159423828,0.1806640625,-0.0006653254677075893,,-0.004640933126211166,319.171875,0.60546875,0.83984375
GRPO-No-Clip (e2/tb256),grpo_no_clip,87,174,2,0.12113380432128906,0.1279296875,-0.00020352125284262002,,-0.0025239139795303345,253.8125,0.63671875,0.9375
GRPO-No-Clip (e2/tb256),grpo_no_clip,88,176,2,0.12567615509033203,0.1806640625,-0.0004581068642437458,,-0.0009275861084461212,261.51953125,0.62890625,0.921875
GRPO-No-Clip (e2/tb256),grpo_no_clip,89,178,2,0.18167495727539062,0.1005859375,-0.0002635149867273867,,-0.0004605501890182495,261.4921875,0.5390625,0.8828125
GRPO-No-Clip (e2/tb256),grpo_no_clip,90,180,2,0.1340656280517578,0.0947265625,-0.00013183965347707272,,-0.00017000362277030945,246.5625,0.64453125,0.921875
GRPO-No-Clip (e2/tb256),grpo_no_clip,91,182,2,0.18970298767089844,0.1455078125,-0.00042663433123379946,,0.00015944987535476685,310.1953125,0.51953125,0.83203125
GRPO-No-Clip (e2/tb256),grpo_no_clip,92,184,2,0.21689605712890625,0.1435546875,-0.0005637861613649875,,-0.00031644105911254883,286.91015625,0.5390625,0.875
GRPO-No-Clip (e2/tb256),grpo_no_clip,93,186,2,0.15042877197265625,0.21875,-0.0008630358206573874,,0.0005875527858734131,219.26171875,0.6640625,0.9765625
GRPO-No-Clip (e2/tb256),grpo_no_clip,94,188,2,0.1394062042236328,0.1806640625,-0.0007504624081775546,,0.0008744150400161743,225.7578125,0.6640625,0.95703125
GRPO-No-Clip (e2/tb256),grpo_no_clip,95,190,2,0.13039016723632812,0.11572265625,-0.00039323282544501126,,0.0003465190529823303,227.78515625,0.6796875,0.95703125
GRPO-No-Clip (e2/tb256),grpo_no_clip,96,192,2,0.14809799194335938,3.703125,-0.0011052731715608388,,-3.107637166976929e-05,236.5390625,0.62890625,0.9375
GRPO-No-Clip (e2/tb256),grpo_no_clip,97,194,2,0.14615249633789062,266.0,-0.13090838308562525,,0.005243994295597076,230.28515625,0.59375,0.94921875
GRPO-No-Clip (e2/tb256),grpo_no_clip,98,196,2,0.1663227081298828,0.12353515625,-0.000586548208957538,,0.0010844171047210693,274.2421875,0.53125,0.90625
GRPO-No-Clip (e2/tb256),grpo_no_clip,99,198,2,0.1636486053466797,0.1142578125,-0.0006525709177367389,,0.0016891434788703918,280.0546875,0.55078125,0.97265625
GRPO-No-Clip (e2/tb256),grpo_no_clip,100,200,2,0.15460586547851562,0.1650390625,-0.0007591091562062502,,0.002271518111228943,197.2578125,0.6328125,0.96875
GRPO-No-Clip (e2/tb256),grpo_no_clip,101,202,2,0.13178253173828125,0.111328125,-0.0004680591810029,,0.0011500492691993713,227.96875,0.70703125,0.97265625
GRPO-No-Clip (e2/tb256),grpo_no_clip,102,204,2,0.11944770812988281,0.11279296875,-0.000471973093226552,,0.0010171979665756226,298.328125,0.64453125,0.92578125
GRPO-No-Clip (e2/tb256),grpo_no_clip,103,206,2,0.13805007934570312,0.119140625,-0.000472579849883914,,0.0013402998447418213,258.1796875,0.62890625,0.94140625
GRPO-No-Clip (e2/tb256),grpo_no_clip,104,208,2,0.13400650024414062,0.1650390625,-0.0012627307733055204,,0.002928558737039566,249.3046875,0.61328125,0.9453125
GRPO-No-Clip (e2/tb256),grpo_no_clip,105,210,2,0.12613487243652344,0.1240234375,-0.00042895402293652296,,0.0008334517478942871,300.28125,0.57421875,0.91015625
GRPO-No-Clip (e2/tb256),grpo_no_clip,106,212,2,0.13542461395263672,0.158203125,-0.0010644288267940283,,0.0013693049550056458,266.1953125,0.62109375,0.91796875
GRPO-No-Clip (e2/tb256),grpo_no_clip,107,214,2,0.13097381591796875,0.4375,-0.0008651246898807585,,7.129460573196411e-05,315.7578125,0.640625,0.8984375
GRPO-No-Clip (e2/tb256),grpo_no_clip,108,216,2,0.11717033386230469,0.1640625,-0.0014038081862963736,,0.001638617366552353,295.546875,0.6875,0.92578125
GRPO-No-Clip (e2/tb256),grpo_no_clip,109,218,2,0.12552642822265625,0.1201171875,-0.0006649979914072901,,0.00046842917799949646,359.87890625,0.5390625,0.875
GRPO-No-Clip (e2/tb256),grpo_no_clip,110,220,2,0.10952281951904297,0.1005859375,-0.0004380385216791183,,-4.447624087333679e-05,302.69140625,0.71875,0.91796875
GRPO-No-Clip (e2/tb256),grpo_no_clip,111,222,2,0.1268157958984375,0.1142578125,-0.0006612734287045896,,-7.204711437225342e-05,326.828125,0.66796875,0.8828125
GRPO-No-Clip (e2/tb256),grpo_no_clip,112,224,2,0.12784194946289062,0.21484375,-0.0008081584528554231,,0.00024032406508922577,326.79296875,0.578125,0.89453125
GRPO-No-Clip (e2/tb256),grpo_no_clip,113,226,2,0.1477222442626953,0.171875,-0.0008664920460432768,,-0.0004210136830806732,288.578125,0.703125,0.9453125
GRPO-No-Clip (e2/tb256),grpo_no_clip,114,228,2,0.13592910766601562,0.0810546875,-0.00017884079716168344,,-0.00025000423192977905,310.43359375,0.62109375,0.94921875
GRPO-No-Clip (e2/tb256),grpo_no_clip,115,230,2,0.12236785888671875,0.08251953125,-0.00034030404640361667,,0.0004032682627439499,293.15625,0.73046875,0.94140625
GRPO-No-Clip (e2/tb256),grpo_no_clip,116,232,2,0.14256668090820312,0.130859375,-0.0007426214870065451,,0.0005806684494018555,303.71484375,0.58984375,0.94921875
GRPO-No-Clip (e2/tb256),grpo_no_clip,117,234,2,0.13156890869140625,0.232421875,-0.0011044509010389447,,0.0005313605070114136,341.02734375,0.6171875,0.8984375
GRPO-No-Clip (e2/tb256),grpo_no_clip,118,236,2,0.11243629455566406,0.115234375,-0.0007385174394585192,,0.0004983674734830856,309.73046875,0.70703125,0.95703125
GRPO-No-Clip (e2/tb256),grpo_no_clip,119,238,2,0.130157470703125,0.1591796875,-0.0009243888198398054,,-0.00020991265773773193,313.60546875,0.59375,0.94140625
GRPO-No-Clip (e2/tb256),grpo_no_clip,120,240,2,0.1386566162109375,0.091796875,-0.000520531611982733,,0.0003494247794151306,318.9765625,0.68359375,0.90234375
GRPO-No-Clip (e2/tb256),grpo_no_clip,121,242,2,0.15905189514160156,0.150390625,-0.00116501102456823,,2.7783215045928955e-05,335.93359375,0.65625,0.890625
GRPO-No-Clip (e2/tb256),grpo_no_clip,122,244,2,0.1474609375,0.11083984375,-0.0008222048636525869,,0.00013322383165359497,399.0859375,0.6015625,0.84375
GRPO-No-Clip (e2/tb256),grpo_no_clip,123,246,2,0.16346168518066406,1.5703125,-0.002046115172561258,,0.0011474043130874634,314.6953125,0.71484375,0.94921875
GRPO-No-Clip (e2/tb256),grpo_no_clip,124,248,2,0.16852951049804688,0.08544921875,-0.0007998431101441383,,0.0008916668593883514,362.4453125,0.6328125,0.88671875
GRPO-No-Clip (e2/tb256),grpo_no_clip,125,250,2,0.161163330078125,0.06787109375,-0.0003197833721060306,,-6.429851055145264e-06,384.49609375,0.6640625,0.84375
GRPO-No-Clip (e2/tb256),grpo_no_clip,126,252,2,0.15601348876953125,0.07470703125,-0.0002713022113312036,,-7.208436727523804e-06,347.7734375,0.69921875,0.90625
GRPO-No-Clip (e2/tb256),grpo_no_clip,127,254,2,0.12917613983154297,0.09326171875,-0.0002885275462176651,,-0.000456150621175766,378.99609375,0.8125,0.87890625
GRPO-No-Clip (e2/tb256),grpo_no_clip,128,256,2,0.18552017211914062,0.08544921875,-0.0003944140626117587,,-0.0006098039448261261,374.33984375,0.61328125,0.8671875
GRPO-No-Clip (e2/tb256),grpo_no_clip,129,258,2,0.18897247314453125,0.1337890625,-0.0009947024518623948,,0.0009419862180948257,377.69140625,0.62109375,0.87109375
GRPO-No-Clip (e2/tb256),grpo_no_clip,130,260,2,0.17931175231933594,0.09814453125,-0.0007416984881274402,,0.0004514642059803009,321.5078125,0.69921875,0.93359375
GRPO-No-Clip (e2/tb256),grpo_no_clip,131,262,2,0.18569183349609375,0.0517578125,-0.0002539964043535292,,0.0003763902932405472,342.51171875,0.65234375,0.8984375
GRPO-No-Clip (e2/tb256),grpo_no_clip,132,264,2,0.16405868530273438,0.05517578125,-0.0002573806850705296,,0.0005823951214551926,275.9140625,0.7421875,0.94921875
GRPO-No-Clip (e2/tb256),grpo_no_clip,133,266,2,0.17316818237304688,0.08837890625,-0.00038558372762054205,,0.00030861422419548035,358.390625,0.7421875,0.890625
GRPO-No-Clip (e2/tb256),grpo_no_clip,134,268,2,0.16082000732421875,0.08544921875,-0.0005522969586309046,,0.0005332417786121368,366.16796875,0.640625,0.9140625
GRPO-No-Clip (e2/tb256),grpo_no_clip,135,270,2,0.16396522521972656,0.9296875,-0.0009555803262628615,,1.3085082173347473e-05,355.703125,0.62109375,0.90625
GRPO-No-Clip (e2/tb256),grpo_no_clip,136,272,2,0.13578224182128906,0.059326171875,-0.00036775573971681297,,0.00013098306953907013,350.12890625,0.71484375,0.90234375
GRPO-No-Clip (e2/tb256),grpo_no_clip,137,274,2,0.1729717254638672,0.0771484375,-0.000536722713150084,,0.0004644971340894699,350.5390625,0.6328125,0.91796875
GRPO-No-Clip (e2/tb256),grpo_no_clip,138,276,2,0.17383384704589844,0.053466796875,-0.0003322754055261612,,0.0003941953182220459,396.68359375,0.5859375,0.87890625
GRPO-No-Clip (e2/tb256),grpo_no_clip,139,278,2,0.15085792541503906,0.0693359375,-0.0005410406156443059,,0.0011725611984729767,366.3828125,0.69140625,0.9140625
GRPO-No-Clip (e2/tb256),grpo_no_clip,140,280,2,0.15625381469726562,0.08349609375,-0.0005026480939704925,,0.0007562339305877686,342.99609375,0.703125,0.93359375
GRPO-No-Clip (e2/tb256),grpo_no_clip,141,282,2,0.17131423950195312,0.1982421875,-0.0009600318153388798,,0.0026548095047473907,340.546875,0.65625,0.91796875
GRPO-No-Clip (e2/tb256),grpo_no_clip,142,284,2,0.16150283813476562,0.09326171875,-0.0009045131737366319,,0.0019460245966911316,335.4921875,0.66796875,0.9375
GRPO-No-Clip (e2/tb256),grpo_no_clip,143,286,2,0.16643333435058594,0.045654296875,-0.00024577995645813644,,0.001681530848145485,408.796875,0.6328125,0.890625
GRPO-No-Clip (e2/tb256),grpo_no_clip,144,288,2,0.1709136962890625,0.11669921875,-0.000914270494831726,,0.0026176944375038147,326.79296875,0.76171875,0.921875
GRPO-No-Clip (e2/tb256),grpo_no_clip,145,290,2,0.17973709106445312,4.28125,-0.00285475782584399,,-0.0002569444477558136,496.5625,0.5,0.8203125
GRPO-No-Clip (e2/tb256),grpo_no_clip,146,292,2,0.22227096557617188,0.66015625,-0.00285825232276693,,-0.0005618669092655182,348.78515625,0.66796875,0.9296875
GRPO-No-Clip (e2/tb256),grpo_no_clip,147,294,2,0.17742156982421875,0.6328125,-0.004544042603811249,,-0.0009337589144706726,285.3984375,0.80078125,0.94921875
GRPO-No-Clip (e2/tb256),grpo_no_clip,148,296,2,0.23083114624023438,0.064453125,-0.00020841223886236548,,-8.183717727661133e-05,402.7265625,0.66796875,0.828125
GRPO-No-Clip (e2/tb256),grpo_no_clip,149,298,2,0.23302459716796875,0.095703125,-0.0005779306229669601,,0.0009297318756580353,484.80078125,0.58203125,0.76171875
GRPO-No-Clip (e2/tb256),grpo_no_clip,150,300,2,0.2634010314941406,0.08056640625,-0.00025965095846913755,,-0.00027238577604293823,512.9453125,0.5390625,0.78125
GRPO-No-Clip (e2/tb256),grpo_no_clip,151,302,2,0.2742271423339844,0.06298828125,-0.00022917395108379424,,-0.00019240006804466248,531.265625,0.5390625,0.74609375
GRPO-No-Clip (e2/tb256),grpo_no_clip,152,304,2,0.2255859375,0.130859375,-0.00046294392086565495,,3.771856427192688e-05,423.28515625,0.6484375,0.8671875
GRPO-No-Clip (e2/tb256),grpo_no_clip,153,306,2,0.22115325927734375,0.09375,-0.0003218077472411096,,-5.381181836128235e-06,416.97265625,0.65234375,0.84765625
GRPO-No-Clip (e2/tb256),grpo_no_clip,154,308,2,0.2566795349121094,0.058349609375,-0.0002344495733268559,,-8.719600737094879e-05,469.609375,0.5546875,0.80078125
GRPO-No-Clip (e2/tb256),grpo_no_clip,155,310,2,0.23458099365234375,0.0712890625,-0.00031419002334587276,,-0.00014551356434822083,390.6484375,0.64453125,0.890625
GRPO-No-Clip (e2/tb256),grpo_no_clip,156,312,2,0.2143115997314453,0.056640625,-0.00017924013081938028,,0.00026227906346321106,443.37890625,0.6171875,0.828125
GRPO-No-Clip (e2/tb256),grpo_no_clip,157,314,2,0.19266319274902344,0.0966796875,-0.0003685301635414362,,-0.00010114721953868866,432.57421875,0.609375,0.8203125
GRPO-No-Clip (e2/tb256),grpo_no_clip,158,316,2,0.23227691650390625,0.10693359375,-0.0006373721116688102,,-0.0007963553071022034,422.46484375,0.51171875,0.859375
GRPO-No-Clip (e2/tb256),grpo_no_clip,159,318,2,0.2051239013671875,0.06103515625,-0.00016629751189611852,,-0.0005888938903808594,452.5625,0.62109375,0.8125
GRPO-No-Clip (e2/tb256),grpo_no_clip,160,320,2,0.227020263671875,0.10107421875,-0.00034701445838436484,,-0.0003492087125778198,379.10546875,0.6328125,0.8828125
GRPO-No-Clip (e2/tb256),grpo_no_clip,161,322,2,0.18744277954101562,0.130859375,-0.00031337302061729133,,8.650124073028564e-05,415.35546875,0.61328125,0.83203125
GRPO-No-Clip (e2/tb256),grpo_no_clip,162,324,2,0.2233142852783203,0.07958984375,-0.0005146399780642241,,0.00036270730197429657,400.4765625,0.6171875,0.8515625
GRPO-No-Clip (e2/tb256),grpo_no_clip,163,326,2,0.20841026306152344,0.08544921875,-0.0005706580996047705,,-0.0004331357777118683,322.85546875,0.6875,0.921875
GRPO-No-Clip (e2/tb256),grpo_no_clip,164,328,2,0.21384811401367188,0.0810546875,-0.0005242647894192487,,-0.0003502611070871353,379.6015625,0.6015625,0.87890625
GRPO-No-Clip (e2/tb256),grpo_no_clip,165,330,2,0.18500137329101562,0.15625,-0.0008252685947809368,,0.001565558835864067,401.484375,0.64453125,0.84765625
GRPO-No-Clip (e2/tb256),grpo_no_clip,166,332,2,0.20297622680664062,2.34375,-0.004556043510092422,,0.008509613573551178,271.5390625,0.7109375,0.9453125
GRPO-No-Clip (e2/tb256),grpo_no_clip,167,334,2,0.16943645477294922,37.5,-20.05390246817842,,-0.002637997269630432,297.921875,0.7578125,0.93359375
GRPO-No-Clip (e2/tb256),grpo_no_clip,168,336,2,0.16132545471191406,0.09423828125,-0.0007108913559932262,,0.0029482506215572357,380.8359375,0.62109375,0.8984375
GRPO-No-Clip (e2/tb256),grpo_no_clip,169,338,2,0.17234420776367188,0.0986328125,-0.0008271174738183618,,0.06309068202972412,312.44921875,0.6796875,0.921875
GRPO-No-Clip (e2/tb256),grpo_no_clip,170,340,2,0.18170166015625,0.146484375,-0.0010008271492552012,,0.019273102283477783,330.4609375,0.71484375,0.90234375
GRPO-No-Clip (e2/tb256),grpo_no_clip,171,342,2,0.15252304077148438,0.73828125,-0.0016811403329484165,,0.007821425795555115,351.3203125,0.64453125,0.875
GRPO-No-Clip (e2/tb256),grpo_no_clip,172,344,2,0.17777442932128906,2936012800.0,-3279822.750136947,,-0.06300938129425049,334.2890625,0.63671875,0.77734375
GRPO-No-Clip (e2/tb256),grpo_no_clip,173,346,2,0.18524169921875,0.23828125,-0.0003437970590312034,,-0.0008599366992712021,310.66015625,0.7421875,0.85546875
GRPO-No-Clip (e2/tb256),grpo_no_clip,174,348,2,0.18970489501953125,0.4765625,-0.001247293606866151,,0.0032458771020174026,378.97265625,0.53125,0.8125
GRPO-No-Clip (e2/tb256),grpo_no_clip,175,350,2,0.16495513916015625,2.6875,-0.0008318737964145839,,0.004990234971046448,346.39453125,0.6328125,0.8359375
GRPO-No-Clip (e2/tb256),grpo_no_clip,176,352,2,0.16112327575683594,0.2197265625,-0.0024067357007879764,,0.013255566358566284,336.9453125,0.671875,0.8984375
GRPO-No-Clip (e2/tb256),grpo_no_clip,177,354,2,0.1389007568359375,0.091796875,-0.0008529591432306916,,0.007890161126852036,350.8984375,0.7265625,0.91015625
GRPO-No-Clip (e2/tb256),grpo_no_clip,178,356,2,0.12423324584960938,0.322265625,-0.00840166088892147,,0.006809264421463013,314.8046875,0.7265625,0.87890625
GRPO-No-Clip (e2/tb256),grpo_no_clip,179,358,2,0.13442611694335938,0.2099609375,-0.0013930150598753244,,0.006252657622098923,289.91796875,0.734375,0.94140625
GRPO-No-Clip (e2/tb256),grpo_no_clip,180,360,2,0.14966583251953125,0.154296875,-0.0014312402927316725,,0.0007414892315864563,338.3828125,0.73046875,0.92578125
GRPO-No-Clip (e2/tb256),grpo_no_clip,181,362,2,0.1460285186767578,0.08984375,-0.00046110121184028685,,-0.00037866272032260895,347.6640625,0.703125,0.94140625
GRPO-No-Clip (e2/tb256),grpo_no_clip,182,364,2,0.1288738250732422,0.166015625,-0.0005111855862196535,,-0.0008501522243022919,326.953125,0.73828125,0.9609375
GRPO-No-Clip (e2/tb256),grpo_no_clip,183,366,2,0.1463298797607422,0.09814453125,-0.0011451817699708045,,0.0002473946660757065,316.2734375,0.76171875,0.9296875
GRPO-No-Clip (e2/tb256),grpo_no_clip,184,368,2,0.1747417449951172,0.11474609375,-0.0005261450132820755,,-0.0006617344915866852,339.89453125,0.7109375,0.9296875
GRPO-No-Clip (e2/tb256),grpo_no_clip,185,370,2,0.17008590698242188,2.03125,-0.001193148927995935,,8.172169327735901e-05,373.51171875,0.65625,0.88671875
GRPO-No-Clip (e2/tb256),grpo_no_clip,186,372,2,0.16830062866210938,1.3125,-2.110021614964353,,-0.00043835490942001343,425.96484375,0.609375,0.86328125
GRPO-No-Clip (e2/tb256),grpo_no_clip,187,374,2,0.1602954864501953,0.099609375,-0.0002456051588524133,,-9.572133421897888e-05,445.98828125,0.68359375,0.84765625
GRPO-No-Clip (e2/tb256),grpo_no_clip,188,376,2,0.18479347229003906,66.5,-0.014647912903456017,,8.513778448104858e-05,354.77734375,0.734375,0.91015625
GRPO-No-Clip (e2/tb256),grpo_no_clip,189,378,2,0.16527175903320312,0.10009765625,-0.0003425275208428502,,0.00012198463082313538,386.98828125,0.69140625,0.88671875
GRPO-No-Clip (e2/tb256),grpo_no_clip,190,380,2,0.16243362426757812,0.08935546875,-0.00014790799468755722,,-0.00039519742131233215,349.703125,0.73828125,0.91015625
GRPO-No-Clip (e2/tb256),grpo_no_clip,191,382,2,0.19020462036132812,0.47265625,-0.000600918399868533,,1.4141201972961426e-05,399.6953125,0.703125,0.90234375
GRPO-No-Clip (e2/tb256),grpo_no_clip,192,384,2,0.18398666381835938,0.080078125,-0.0002622892789077014,,0.00017548352479934692,372.734375,0.6796875,0.91796875
GRPO-No-Clip (e2/tb256),grpo_no_clip,193,386,2,0.1863536834716797,0.062255859375,-0.0001917648478411138,,6.971880793571472e-05,406.80078125,0.67578125,0.87109375
GRPO-No-Clip (e2/tb256),grpo_no_clip,194,388,2,0.15540313720703125,0.046142578125,-5.2465940825641155e-05,,0.00011089444160461426,447.31640625,0.6796875,0.86328125
GRPO-No-Clip (e2/tb256),grpo_no_clip,195,390,2,0.14942169189453125,0.05078125,-0.00011342082871124148,,0.00019922107458114624,331.44140625,0.828125,0.95703125
GRPO-No-Clip (e2/tb256),grpo_no_clip,196,392,2,0.1658306121826172,0.062255859375,-0.00028387471684254706,,0.0004051756113767624,371.11328125,0.75,0.8828125
GRPO-No-Clip (e2/tb256),grpo_no_clip,197,394,2,0.187652587890625,0.0859375,-0.00028701205155812204,,0.00041663646697998047,429.62890625,0.69140625,0.83984375
GRPO-No-Clip (e2/tb256),grpo_no_clip,198,396,2,0.15889739990234375,0.050537109375,-0.00012524524936452508,,-7.492490112781525e-05,460.76171875,0.625,0.875
GRPO-No-Clip (e2/tb256),grpo_no_clip,199,398,2,0.1641407012939453,0.06787109375,-0.00022053372231312096,,0.00029703229665756226,399.18359375,0.69921875,0.91015625
GRPO-No-Clip (e2/tb256),grpo_no_clip,200,400,2,0.19890213012695312,0.08349609375,-0.00026271952083334327,,0.00015571340918540955,491.88671875,0.49609375,0.83984375
