run,phase,role,grpo_step,optimizer_step,rollout_epoch,token_entropy,grad_norm,loss,clip_fraction,approx_kl,rollout_avg_response_token_length,rollout_answer_accuracy,rollout_format_accuracy
on_policy_reference_e1_tb256,focused,on_policy_reference,1,1,1,0.9270553588867188,0.09423828125,-0.002633252392115537,,,305.171875,0.015625,0.1796875
on_policy_reference_e1_tb256,focused,on_policy_reference,2,2,1,0.43749237060546875,1.5078125,-0.0017721796830301173,,,154.375,0.1484375,0.703125
on_policy_reference_e1_tb256,focused,on_policy_reference,3,3,1,0.5140457153320312,0.4765625,-0.015496694650209974,,,136.484375,0.21484375,0.77734375
on_policy_reference_e1_tb256,focused,on_policy_reference,4,4,1,0.45953369140625,0.494140625,-0.017495391286502127,,,192.91796875,0.28125,0.671875
on_policy_reference_e1_tb256,focused,on_policy_reference,5,5,1,0.46225738525390625,0.361328125,0.0056770156043057796,,,216.97265625,0.27734375,0.67578125
on_policy_reference_e1_tb256,focused,on_policy_reference,6,6,1,0.43103790283203125,0.23828125,-0.002741519419942051,,,285.12109375,0.2265625,0.62890625
on_policy_reference_e1_tb256,focused,on_policy_reference,7,7,1,0.3509559631347656,0.263671875,0.007191687502199784,,,239.78125,0.34375,0.66796875
on_policy_reference_e1_tb256,focused,on_policy_reference,8,8,1,0.40398406982421875,0.1796875,-0.009756796913279686,,,255.85546875,0.3046875,0.640625
on_policy_reference_e1_tb256,focused,on_policy_reference,9,9,1,0.36362457275390625,0.24609375,-0.008590330922743306,,,237.90234375,0.30078125,0.67578125
on_policy_reference_e1_tb256,focused,on_policy_reference,10,10,1,0.3560791015625,0.20703125,-0.010287113196682185,,,253.78515625,0.26953125,0.62109375
on_policy_reference_e1_tb256,focused,on_policy_reference,11,11,1,0.339691162109375,0.1943359375,-0.007291071327927057,,,257.53125,0.265625,0.6640625
on_policy_reference_e1_tb256,focused,on_policy_reference,12,12,1,0.3330078125,0.3515625,-0.02371162511553848,,,191.14453125,0.4609375,0.82421875
on_policy_reference_e1_tb256,focused,on_policy_reference,13,13,1,0.3217964172363281,0.1982421875,-0.017178053472889587,,,229.83203125,0.453125,0.80859375
on_policy_reference_e1_tb256,focused,on_policy_reference,14,14,1,0.3192024230957031,0.169921875,-0.010667588569049258,,,262.83203125,0.43359375,0.7421875
on_policy_reference_e1_tb256,focused,on_policy_reference,15,15,1,0.29853057861328125,0.11669921875,-0.0004833499879168812,,,293.93359375,0.328125,0.71484375
on_policy_reference_e1_tb256,focused,on_policy_reference,16,16,1,0.2672080993652344,0.1123046875,-0.004040832143800799,,,277.6328125,0.4140625,0.76171875
on_policy_reference_e1_tb256,focused,on_policy_reference,17,17,1,0.2964973449707031,0.126953125,-0.005473363180499291,,,283.5546875,0.41796875,0.75390625
on_policy_reference_e1_tb256,focused,on_policy_reference,18,18,1,0.3023872375488281,0.1630859375,-0.008929801781050628,,,308.37890625,0.38671875,0.7265625
on_policy_reference_e1_tb256,focused,on_policy_reference,19,19,1,0.23439979553222656,0.1142578125,-0.0022569565298908856,,,280.31640625,0.56640625,0.77734375
on_policy_reference_e1_tb256,focused,on_policy_reference,20,20,1,0.28946685791015625,0.11376953125,-0.0052484669322439,,,272.2578125,0.4296875,0.81640625
on_policy_reference_e1_tb256,focused,on_policy_reference,21,21,1,0.2798881530761719,0.130859375,-0.007267347960805637,,,274.3984375,0.5,0.8125
on_policy_reference_e1_tb256,focused,on_policy_reference,22,22,1,0.2630805969238281,0.11328125,-0.004221149698423687,,,286.0,0.44921875,0.83984375
on_policy_reference_e1_tb256,focused,on_policy_reference,23,23,1,0.24985122680664062,0.1005859375,-0.007741206442005932,,,278.42578125,0.4921875,0.859375
on_policy_reference_e1_tb256,focused,on_policy_reference,24,24,1,0.232086181640625,0.1357421875,-0.00904249888844788,,,282.51171875,0.46875,0.8125
on_policy_reference_e1_tb256,focused,on_policy_reference,25,25,1,0.2445220947265625,0.11083984375,-0.006484433099103626,,,234.8671875,0.48828125,0.87109375
on_policy_reference_e1_tb256,focused,on_policy_reference,26,26,1,0.2467498779296875,0.10400390625,-0.004881228311205632,,,262.52734375,0.54296875,0.88671875
on_policy_reference_e1_tb256,focused,on_policy_reference,27,27,1,0.2225189208984375,0.1337890625,-0.0026956888250424527,,,239.3125,0.58984375,0.91796875
on_policy_reference_e1_tb256,focused,on_policy_reference,28,28,1,0.23315048217773438,0.126953125,-0.015133628385228803,,,256.1015625,0.6171875,0.8828125
on_policy_reference_e1_tb256,focused,on_policy_reference,29,29,1,0.23001861572265625,0.11669921875,-0.00580477541370783,,,283.2578125,0.55859375,0.9140625
on_policy_reference_e1_tb256,focused,on_policy_reference,30,30,1,0.208740234375,0.0927734375,-0.007686559987632791,,,282.06640625,0.5625,0.9296875
on_policy_reference_e1_tb256,focused,on_policy_reference,31,31,1,0.19797515869140625,0.1064453125,-0.0014039920715731569,,,261.2421875,0.62890625,0.9296875
on_policy_reference_e1_tb256,focused,on_policy_reference,32,32,1,0.19929885864257812,0.111328125,-0.0018205918313469738,,,263.34765625,0.640625,0.9140625
on_policy_reference_e1_tb256,focused,on_policy_reference,33,33,1,0.19092750549316406,0.09765625,-0.004499226451116556,,,256.44921875,0.63671875,0.90625
on_policy_reference_e1_tb256,focused,on_policy_reference,34,34,1,0.20524978637695312,0.11474609375,-0.005574065216933377,,,298.9296875,0.578125,0.8984375
on_policy_reference_e1_tb256,focused,on_policy_reference,35,35,1,0.21402359008789062,0.1318359375,-0.014295509354269598,,,322.18359375,0.5078125,0.86328125
on_policy_reference_e1_tb256,focused,on_policy_reference,36,36,1,0.21750259399414062,0.11474609375,-0.008837699868308846,,,305.5703125,0.47265625,0.87109375
on_policy_reference_e1_tb256,focused,on_policy_reference,37,37,1,0.19341278076171875,0.12890625,-0.0043152006837772205,,,304.921875,0.6015625,0.89453125
on_policy_reference_e1_tb256,focused,on_policy_reference,38,38,1,0.18838882446289062,0.1015625,-0.005661458428221522,,,304.87109375,0.65234375,0.92578125
on_policy_reference_e1_tb256,focused,on_policy_reference,39,39,1,0.16915512084960938,0.138671875,-0.005289747155984514,,,252.5546875,0.6484375,0.92578125
on_policy_reference_e1_tb256,focused,on_policy_reference,40,40,1,0.19026947021484375,0.08447265625,-0.003181167583534261,,,324.04296875,0.609375,0.91015625
on_policy_reference_e1_tb256,focused,on_policy_reference,41,41,1,0.1712474822998047,0.099609375,-0.005559088509471621,,,281.796875,0.69140625,0.9296875
on_policy_reference_e1_tb256,focused,on_policy_reference,42,42,1,0.17356491088867188,0.1025390625,-0.00537966351112118,,,318.1796875,0.6328125,0.921875
on_policy_reference_e1_tb256,focused,on_policy_reference,43,43,1,0.13904762268066406,0.0830078125,-0.0008414216608798597,,,283.59375,0.7109375,0.9609375
on_policy_reference_e1_tb256,focused,on_policy_reference,44,44,1,0.1745014190673828,0.08544921875,-0.004145897033595247,,,282.49609375,0.61328125,0.953125
on_policy_reference_e1_tb256,focused,on_policy_reference,45,45,1,0.15990447998046875,0.10107421875,-0.0042300739769416396,,,343.21875,0.58984375,0.91796875
on_policy_reference_e1_tb256,focused,on_policy_reference,46,46,1,0.1578350067138672,0.07470703125,-0.0006664992179139517,,,308.4375,0.53515625,0.9609375
on_policy_reference_e1_tb256,focused,on_policy_reference,47,47,1,0.15369415283203125,0.1025390625,-0.00249040654671262,,,243.546875,0.6796875,0.98046875
on_policy_reference_e1_tb256,focused,on_policy_reference,48,48,1,0.12807846069335938,0.078125,-0.0023634485187358223,,,369.0,0.58203125,0.91796875
on_policy_reference_e1_tb256,focused,on_policy_reference,49,49,1,0.11904335021972656,0.1259765625,0.00015562348926323466,,,313.46484375,0.609375,0.96875
on_policy_reference_e1_tb256,focused,on_policy_reference,50,50,1,0.1294403076171875,0.09716796875,-0.0015639297853340395,,,279.98046875,0.72265625,0.98828125
on_policy_reference_e1_tb256,focused,on_policy_reference,51,51,1,0.10453033447265625,0.1484375,-0.0008169331376848277,,,322.16796875,0.6875,0.92578125
on_policy_reference_e1_tb256,focused,on_policy_reference,52,52,1,0.1130828857421875,0.1328125,-0.002193189933677786,,,299.25390625,0.80859375,0.953125
on_policy_reference_e1_tb256,focused,on_policy_reference,53,53,1,0.08635330200195312,0.21484375,-0.002421444823994534,,,318.34765625,0.75390625,0.9453125
on_policy_reference_e1_tb256,focused,on_policy_reference,54,54,1,0.103759765625,0.4453125,-0.008655435343825957,,,268.71484375,0.62109375,0.96875
on_policy_reference_e1_tb256,focused,on_policy_reference,55,55,1,0.13095474243164062,0.3671875,0.0022804300897405483,,,309.01953125,0.80859375,0.96875
on_policy_reference_e1_tb256,focused,on_policy_reference,56,56,1,0.10289764404296875,0.375,-0.0031443442858289927,,,327.51171875,0.65234375,0.9296875
on_policy_reference_e1_tb256,focused,on_policy_reference,57,57,1,0.12189912796020508,0.58984375,-0.004513504361966625,,,262.82421875,0.72265625,0.98046875
on_policy_reference_e1_tb256,focused,on_policy_reference,58,58,1,0.0970306396484375,0.66015625,-0.007248292728036176,,,315.66015625,0.6953125,0.94921875
on_policy_reference_e1_tb256,focused,on_policy_reference,59,59,1,0.09579086303710938,0.8984375,-0.013409546998445876,,,290.23828125,0.7109375,0.9765625
on_policy_reference_e1_tb256,focused,on_policy_reference,60,60,1,0.33509063720703125,1.1953125,-0.0054042212723288685,,,320.08203125,0.55859375,0.95703125
on_policy_reference_e1_tb256,focused,on_policy_reference,61,61,1,0.14057350158691406,1.5234375,-0.019747148326132447,,,270.53515625,0.75390625,0.98828125
on_policy_reference_e1_tb256,focused,on_policy_reference,62,62,1,1.0724639892578125,2.296875,-0.02830524553428404,,,285.17578125,0.76171875,0.97265625
on_policy_reference_e1_tb256,focused,on_policy_reference,63,63,1,0.5448532104492188,2.0,-0.015957799230818637,,,235.140625,0.7109375,0.984375
on_policy_reference_e1_tb256,focused,on_policy_reference,64,64,1,1.950897216796875,8.0,-0.023791463463567197,,,319.0703125,0.59765625,0.9375
on_policy_reference_e1_tb256,focused,on_policy_reference,65,65,1,3.83245849609375,1.453125,-0.01897982379887253,,,281.90625,0.70703125,0.9609375
on_policy_reference_e1_tb256,focused,on_policy_reference,66,66,1,4.290283203125,1.1171875,-0.019277448998764157,,,281.60546875,0.765625,0.9765625
on_policy_reference_e1_tb256,focused,on_policy_reference,67,67,1,2.785675048828125,2.21875,-0.06888827419606969,,,344.40625,0.62109375,0.94921875
on_policy_reference_e1_tb256,focused,on_policy_reference,68,68,1,0.05105304718017578,0.71484375,-0.007327760416956153,,,305.71875,0.68359375,0.96484375
on_policy_reference_e1_tb256,focused,on_policy_reference,69,69,1,0.04211139678955078,0.68359375,-0.003955489046347793,,,287.97265625,0.8125,0.9765625
on_policy_reference_e1_tb256,focused,on_policy_reference,70,70,1,0.11717605590820312,2.984375,0.005891999593586661,,,307.00390625,0.7109375,0.9609375
on_policy_reference_e1_tb256,focused,on_policy_reference,71,71,1,4.109954833984375,1.59375,0.004708929714979604,,,382.859375,0.48046875,0.9375
on_policy_reference_e1_tb256,focused,on_policy_reference,72,72,1,2.7313308715820312,2.015625,-0.03835749777499586,,,296.28515625,0.71484375,0.9609375
on_policy_reference_e1_tb256,focused,on_policy_reference,73,73,1,3.124298095703125,3.453125,0.006487064645625651,,,318.5390625,0.6796875,0.94140625
on_policy_reference_e1_tb256,focused,on_policy_reference,74,74,1,2.32867431640625,2.59375,-0.048092058656038716,,,329.4140625,0.7421875,0.95703125
on_policy_reference_e1_tb256,focused,on_policy_reference,75,75,1,0.5901718139648438,4.34375,-0.06221825795364566,,,329.0625,0.7578125,0.96484375
on_policy_reference_e1_tb256,focused,on_policy_reference,76,76,1,0.48979949951171875,7.3125,-0.0584908730306779,,,318.296875,0.71484375,0.94140625
on_policy_reference_e1_tb256,focused,on_policy_reference,77,77,1,0.972564697265625,6.71875,-0.12989225835190155,,,380.56640625,0.625,0.94140625
on_policy_reference_e1_tb256,focused,on_policy_reference,78,78,1,1.402435302734375,4.4375,-0.00997217744588852,,,296.34375,0.73828125,0.98046875
on_policy_reference_e1_tb256,focused,on_policy_reference,79,79,1,0.8930282592773438,7.5625,-0.0062670374172739685,,,296.40625,0.671875,0.97265625
on_policy_reference_e1_tb256,focused,on_policy_reference,80,80,1,0.2636833190917969,6.84375,-0.025111263181315735,,,272.1171875,0.75,0.98046875
on_policy_reference_e1_tb256,focused,on_policy_reference,81,81,1,0.3247356414794922,13.25,-0.10104826632596087,,,283.75390625,0.7421875,0.95703125
on_policy_reference_e1_tb256,focused,on_policy_reference,82,82,1,0.5683326721191406,5.1875,-0.02311247997567989,,,258.1796875,0.6953125,0.98046875
on_policy_reference_e1_tb256,focused,on_policy_reference,83,83,1,0.6946182250976562,8.5625,-0.08326333382865414,,,302.12109375,0.796875,0.9765625
on_policy_reference_e1_tb256,focused,on_policy_reference,84,84,1,1.1029205322265625,8.5,-0.11400204489473253,,,361.96484375,0.53515625,0.93359375
on_policy_reference_e1_tb256,focused,on_policy_reference,85,85,1,0.8809547424316406,3.84375,0.019363289466127753,,,317.73046875,0.71875,0.9765625
on_policy_reference_e1_tb256,focused,on_policy_reference,86,86,1,0.48725128173828125,5.96875,-0.04251633383682929,,,270.0703125,0.75,0.98828125
on_policy_reference_e1_tb256,focused,on_policy_reference,87,87,1,0.6517791748046875,4.3125,-0.08133482703124173,,,264.42578125,0.7578125,0.984375
on_policy_reference_e1_tb256,focused,on_policy_reference,88,88,1,1.619384765625,2.8125,-0.05991049311705865,,,301.46484375,0.65625,0.9453125
on_policy_reference_e1_tb256,focused,on_policy_reference,89,89,1,2.052947998046875,3.875,-0.0985973697679583,,,260.59765625,0.74609375,0.98828125
on_policy_reference_e1_tb256,focused,on_policy_reference,90,90,1,1.77777099609375,3.171875,-0.1645714354235679,,,249.57421875,0.8671875,0.98828125
on_policy_reference_e1_tb256,focused,on_policy_reference,91,91,1,1.109893798828125,4.21875,-0.030695327906869352,,,340.484375,0.625,0.9609375
on_policy_reference_e1_tb256,focused,on_policy_reference,92,92,1,1.213653564453125,4.875,-0.18628741858992726,,,360.609375,0.6171875,0.9609375
on_policy_reference_e1_tb256,focused,on_policy_reference,93,93,1,1.307037353515625,3.46875,-0.11206219403538853,,,289.15234375,0.69921875,0.96484375
on_policy_reference_e1_tb256,focused,on_policy_reference,94,94,1,0.6337356567382812,8.3125,-0.08805805226438679,,,325.71875,0.828125,0.97265625
on_policy_reference_e1_tb256,focused,on_policy_reference,95,95,1,0.4438209533691406,6.21875,-0.15366618952248245,,,304.1953125,0.71484375,0.96875
on_policy_reference_e1_tb256,focused,on_policy_reference,96,96,1,0.3390846252441406,6.0625,-0.12103609519544989,,,318.62890625,0.8046875,0.96484375
on_policy_reference_e1_tb256,focused,on_policy_reference,97,97,1,0.2593727111816406,8.125,-0.3545913917478174,,,348.44921875,0.68359375,0.9765625
on_policy_reference_e1_tb256,focused,on_policy_reference,98,98,1,0.2105245590209961,9.375,-0.18512227782048285,,,359.14453125,0.69140625,0.96875
on_policy_reference_e1_tb256,focused,on_policy_reference,99,99,1,0.12854957580566406,7.0,0.0018981511966558173,,,341.95703125,0.6328125,0.9609375
on_policy_reference_e1_tb256,focused,on_policy_reference,100,100,1,0.1061248779296875,16.375,0.04056082258466631,,,363.5234375,0.71484375,0.921875
on_policy_reference_e1_tb256,focused,on_policy_reference,101,101,1,0.055954694747924805,16.75,0.00836385834554676,,,406.32421875,0.57421875,0.93359375
on_policy_reference_e1_tb256,focused,on_policy_reference,102,102,1,0.06171989440917969,6.5,-0.06822549500793684,,,275.3125,0.7421875,0.984375
on_policy_reference_e1_tb256,focused,on_policy_reference,103,103,1,0.056705474853515625,15.8125,-0.13515861831547227,,,318.50390625,0.734375,0.96484375
on_policy_reference_e1_tb256,focused,on_policy_reference,104,104,1,0.0745859146118164,13.8125,-0.03232030983781442,,,313.84375,0.79296875,0.97265625
on_policy_reference_e1_tb256,focused,on_policy_reference,105,105,1,0.08482074737548828,26.0,-0.2824335679470096,,,302.4453125,0.734375,0.98046875
on_policy_reference_e1_tb256,focused,on_policy_reference,106,106,1,0.08188152313232422,9.6875,-0.1896607307717204,,,356.93359375,0.70703125,0.94140625
on_policy_reference_e1_tb256,focused,on_policy_reference,107,107,1,0.09298181533813477,26.625,-0.4668730907724239,,,370.046875,0.69921875,0.91015625
on_policy_reference_e1_tb256,focused,on_policy_reference,108,108,1,0.09477996826171875,7.5,-0.028100562747567892,,,379.6015625,0.6875,0.9296875
on_policy_reference_e1_tb256,focused,on_policy_reference,109,109,1,0.0955038070678711,13.125,-0.10556654521496966,,,347.9375,0.578125,0.953125
on_policy_reference_e1_tb256,focused,on_policy_reference,110,110,1,0.0833902359008789,26.375,-0.39421472302637994,,,332.35546875,0.69140625,0.984375
on_policy_reference_e1_tb256,focused,on_policy_reference,111,111,1,0.0757284164428711,8.75,-0.20618220066535287,,,404.45703125,0.4921875,0.921875
on_policy_reference_e1_tb256,focused,on_policy_reference,112,112,1,0.07037830352783203,5.625,-0.03158130147494376,,,364.453125,0.6796875,0.9609375
on_policy_reference_e1_tb256,focused,on_policy_reference,113,113,1,0.06270790100097656,13.3125,-0.10162836832023459,,,309.69921875,0.7421875,0.9765625
on_policy_reference_e1_tb256,focused,on_policy_reference,114,114,1,0.06607532501220703,6.5625,-0.13702561303216498,,,356.4140625,0.671875,0.9609375
on_policy_reference_e1_tb256,focused,on_policy_reference,115,115,1,0.07715702056884766,3.84375,-0.13772497152967844,,,313.97265625,0.69921875,0.96484375
on_policy_reference_e1_tb256,focused,on_policy_reference,116,116,1,0.0793766975402832,9.75,-0.004062530191731639,,,381.6953125,0.57421875,0.9765625
on_policy_reference_e1_tb256,focused,on_policy_reference,117,117,1,0.08021068572998047,9.3125,-0.3266455239208881,,,294.3515625,0.7734375,0.953125
on_policy_reference_e1_tb256,focused,on_policy_reference,118,118,1,0.07713603973388672,11.3125,-0.1739695571413904,,,302.89453125,0.68359375,0.9765625
on_policy_reference_e1_tb256,focused,on_policy_reference,119,119,1,0.06751441955566406,10.8125,-0.3249041563467472,,,327.08203125,0.72265625,0.97265625
on_policy_reference_e1_tb256,focused,on_policy_reference,120,120,1,0.10523700714111328,5.4375,-0.1515481893438846,,,321.01171875,0.5390625,0.96484375
on_policy_reference_e1_tb256,focused,on_policy_reference,121,121,1,0.07778549194335938,18.625,-0.29198373478720896,,,352.26953125,0.69140625,0.95703125
on_policy_reference_e1_tb256,focused,on_policy_reference,122,122,1,0.08818912506103516,12.8125,-0.3273027314571664,,,448.34765625,0.4921875,0.90234375
on_policy_reference_e1_tb256,focused,on_policy_reference,123,123,1,0.0837559700012207,10.25,-0.19456798996543512,,,392.51953125,0.7109375,0.93359375
on_policy_reference_e1_tb256,focused,on_policy_reference,124,124,1,0.08637523651123047,15.5,-0.40054819468059577,,,279.125,0.7890625,0.984375
on_policy_reference_e1_tb256,focused,on_policy_reference,125,125,1,0.06723499298095703,6.90625,-0.2139432599360589,,,312.8125,0.66796875,0.9921875
on_policy_reference_e1_tb256,focused,on_policy_reference,126,126,1,0.06768274307250977,6.15625,-0.04095701657934114,,,306.78125,0.77734375,0.99609375
on_policy_reference_e1_tb256,focused,on_policy_reference,127,127,1,0.05701637268066406,4.625,-0.08058365601755213,,,349.875,0.66796875,0.94921875
on_policy_reference_e1_tb256,focused,on_policy_reference,128,128,1,0.06077861785888672,21.25,-0.23946864347090013,,,351.01171875,0.6640625,0.96875
on_policy_reference_e1_tb256,focused,on_policy_reference,129,129,1,0.049950599670410156,15.4375,-0.23654550195715274,,,321.984375,0.6953125,0.95703125
on_policy_reference_e1_tb256,focused,on_policy_reference,130,130,1,0.05177879333496094,6.0,-0.013274098339024931,,,311.203125,0.734375,0.9765625
on_policy_reference_e1_tb256,focused,on_policy_reference,131,131,1,0.07230663299560547,9.5625,-0.1822671652153076,,,325.36328125,0.60546875,0.95703125
on_policy_reference_e1_tb256,focused,on_policy_reference,132,132,1,0.0580902099609375,7.125,-0.5171830460385536,,,334.16796875,0.65234375,0.92578125
on_policy_reference_e1_tb256,focused,on_policy_reference,133,133,1,0.0828704833984375,14.0,-0.7304981660563499,,,300.21875,0.68359375,0.9765625
on_policy_reference_e1_tb256,focused,on_policy_reference,134,134,1,0.08321905136108398,13.25,0.12562256836827146,,,307.0390625,0.58984375,0.98046875
on_policy_reference_e1_tb256,focused,on_policy_reference,135,135,1,0.07360506057739258,9.4375,-0.06427473004441708,,,299.5,0.73828125,0.9609375
on_policy_reference_e1_tb256,focused,on_policy_reference,136,136,1,0.08144569396972656,13.8125,-0.05898372223600745,,,292.58203125,0.765625,0.98828125
on_policy_reference_e1_tb256,focused,on_policy_reference,137,137,1,0.0915975570678711,17.0,-0.37794841374852695,,,293.515625,0.703125,0.94921875
on_policy_reference_e1_tb256,focused,on_policy_reference,138,138,1,0.09861278533935547,10.9375,-0.33649436467385385,,,305.75,0.7109375,0.98046875
on_policy_reference_e1_tb256,focused,on_policy_reference,139,139,1,0.08469867706298828,13.125,-0.47948507142427843,,,288.26953125,0.703125,0.96875
on_policy_reference_e1_tb256,focused,on_policy_reference,140,140,1,0.052867889404296875,22.0,-0.43185231497045606,,,385.828125,0.546875,0.9609375
on_policy_reference_e1_tb256,focused,on_policy_reference,141,141,1,0.06658458709716797,19.875,-0.49276973446831107,,,347.0078125,0.67578125,0.94140625
on_policy_reference_e1_tb256,focused,on_policy_reference,142,142,1,0.05833864212036133,9.1875,-0.13534264940972207,,,324.3671875,0.71875,0.96875
on_policy_reference_e1_tb256,focused,on_policy_reference,143,143,1,0.05167579650878906,9.0625,-0.49435194523539394,,,287.05859375,0.7265625,0.953125
on_policy_reference_e1_tb256,focused,on_policy_reference,144,144,1,0.05294036865234375,18.25,-0.45122800846002065,,,349.92578125,0.60546875,0.97265625
on_policy_reference_e1_tb256,focused,on_policy_reference,145,145,1,0.0537266731262207,16.75,-0.34029302274939255,,,327.9609375,0.67578125,0.97265625
on_policy_reference_e1_tb256,focused,on_policy_reference,146,146,1,0.05018424987792969,7.84375,-0.28313124763917585,,,313.94921875,0.625,0.97265625
on_policy_reference_e1_tb256,focused,on_policy_reference,147,147,1,0.056529998779296875,14.75,-0.5796986828936497,,,308.265625,0.5859375,0.96875
on_policy_reference_e1_tb256,focused,on_policy_reference,148,148,1,0.05294036865234375,8.3125,-0.2794810775012593,,,343.30859375,0.6953125,0.95703125
on_policy_reference_e1_tb256,focused,on_policy_reference,149,149,1,0.052928924560546875,13.125,-0.5562864411294868,,,380.92578125,0.61328125,0.94140625
on_policy_reference_e1_tb256,focused,on_policy_reference,150,150,1,0.05295848846435547,9.6875,-0.7175623104994884,,,352.82421875,0.6640625,0.9609375
on_policy_reference_e1_tb256,focused,on_policy_reference,151,151,1,0.06207084655761719,13.75,-0.49900997545046266,,,344.4453125,0.62890625,0.96875
on_policy_reference_e1_tb256,focused,on_policy_reference,152,152,1,0.05225944519042969,16.125,-0.5317459379439242,,,366.3125,0.6640625,0.96875
on_policy_reference_e1_tb256,focused,on_policy_reference,153,153,1,0.07630014419555664,8.5625,-0.23147840483579785,,,285.80859375,0.78515625,0.97265625
on_policy_reference_e1_tb256,focused,on_policy_reference,154,154,1,0.0560915470123291,10.8125,-0.15746926261635963,,,349.53515625,0.6953125,0.9609375
on_policy_reference_e1_tb256,focused,on_policy_reference,155,155,1,0.05749034881591797,21.25,0.4924890141701326,,,308.046875,0.67578125,0.95703125
on_policy_reference_e1_tb256,focused,on_policy_reference,156,156,1,0.05323004722595215,33.5,-0.6115451445803046,,,322.51953125,0.7421875,0.91796875
on_policy_reference_e1_tb256,focused,on_policy_reference,157,157,1,0.03986167907714844,14.4375,0.17701828706776723,,,457.87109375,0.63671875,0.8515625
on_policy_reference_e1_tb256,focused,on_policy_reference,158,158,1,0.04293990135192871,26.25,0.40579167346004397,,,360.53125,0.73828125,0.890625
on_policy_reference_e1_tb256,focused,on_policy_reference,159,159,1,0.04206657409667969,22.0,-0.6167388740432216,,,429.41015625,0.54296875,0.87890625
on_policy_reference_e1_tb256,focused,on_policy_reference,160,160,1,0.03934001922607422,9.25,-0.28110026827198453,,,462.08984375,0.53515625,0.81640625
on_policy_reference_e1_tb256,focused,on_policy_reference,161,161,1,0.04659080505371094,16.625,0.28012582832889166,,,386.53515625,0.69921875,0.8984375
on_policy_reference_e1_tb256,focused,on_policy_reference,162,162,1,0.04926252365112305,10.0,-0.03629441075372597,,,286.953125,0.734375,0.95703125
on_policy_reference_e1_tb256,focused,on_policy_reference,163,163,1,0.04162311553955078,9.875,-0.09617207470000722,,,368.328125,0.7421875,0.8828125
on_policy_reference_e1_tb256,focused,on_policy_reference,164,164,1,0.049983978271484375,16.75,-0.14000682309415424,,,394.87109375,0.625,0.86328125
on_policy_reference_e1_tb256,focused,on_policy_reference,165,165,1,0.05443620681762695,7.46875,-0.2647829157867818,,,360.3984375,0.6015625,0.8515625
on_policy_reference_e1_tb256,focused,on_policy_reference,166,166,1,0.0475926399230957,15.9375,-0.05658788014261518,,,353.45703125,0.68359375,0.91015625
on_policy_reference_e1_tb256,focused,on_policy_reference,167,167,1,0.05185270309448242,6.59375,-0.1284490220114094,,,349.890625,0.671875,0.91796875
on_policy_reference_e1_tb256,focused,on_policy_reference,168,168,1,0.059432029724121094,14.0,0.040759397441433975,,,307.6796875,0.671875,0.9375
on_policy_reference_e1_tb256,focused,on_policy_reference,169,169,1,0.06183624267578125,11.625,-0.012231766912009334,,,340.671875,0.71875,0.9453125
on_policy_reference_e1_tb256,focused,on_policy_reference,170,170,1,0.07192802429199219,11.25,-0.07009249746624846,,,316.4765625,0.6640625,0.94921875
on_policy_reference_e1_tb256,focused,on_policy_reference,171,171,1,0.06861591339111328,8.5625,-0.21519977816205937,,,313.34375,0.75,0.96484375
on_policy_reference_e1_tb256,focused,on_policy_reference,172,172,1,0.07553291320800781,13.125,-0.13426423305645585,,,325.3671875,0.74609375,0.94921875
on_policy_reference_e1_tb256,focused,on_policy_reference,173,173,1,0.06714725494384766,3.296875,0.0025884843526000623,,,345.46484375,0.67578125,0.94140625
on_policy_reference_e1_tb256,focused,on_policy_reference,174,174,1,0.06359004974365234,13.5,-0.22660362015813007,,,358.62890625,0.5859375,0.9453125
on_policy_reference_e1_tb256,focused,on_policy_reference,175,175,1,0.075347900390625,4.78125,-0.03446321527371765,,,328.4921875,0.66796875,0.9296875
on_policy_reference_e1_tb256,focused,on_policy_reference,176,176,1,0.0755157470703125,8.6875,-0.09213012261170661,,,331.16796875,0.59375,0.9453125
on_policy_reference_e1_tb256,focused,on_policy_reference,177,177,1,0.07111358642578125,5.625,-0.03246971225962625,,,357.4609375,0.58984375,0.90625
on_policy_reference_e1_tb256,focused,on_policy_reference,178,178,1,0.0632181167602539,6.34375,-0.13629241445414664,,,342.21875,0.62890625,0.9453125
on_policy_reference_e1_tb256,focused,on_policy_reference,179,179,1,0.07078361511230469,4.9375,-0.09149580774464994,,,294.71875,0.703125,0.92578125
on_policy_reference_e1_tb256,focused,on_policy_reference,180,180,1,0.05084991455078125,10.6875,0.019095043446213822,,,336.0703125,0.78515625,0.93359375
on_policy_reference_e1_tb256,focused,on_policy_reference,181,181,1,0.05772829055786133,9.4375,-0.42304894403059734,,,362.7578125,0.578125,0.875
on_policy_reference_e1_tb256,focused,on_policy_reference,182,182,1,0.05816459655761719,13.125,-0.7945996482812916,,,321.12890625,0.72265625,0.94921875
on_policy_reference_e1_tb256,focused,on_policy_reference,183,183,1,0.05459880828857422,6.15625,0.06754958216333762,,,275.3359375,0.765625,0.96875
on_policy_reference_e1_tb256,focused,on_policy_reference,184,184,1,0.04912757873535156,11.625,-0.4072181918818387,,,304.61328125,0.64453125,0.890625
on_policy_reference_e1_tb256,focused,on_policy_reference,185,185,1,0.051471710205078125,7.59375,-0.00863627787475707,,,276.09765625,0.7734375,0.93359375
on_policy_reference_e1_tb256,focused,on_policy_reference,186,186,1,0.04901933670043945,7.90625,-0.06382881768149673,,,342.5859375,0.78125,0.9375
on_policy_reference_e1_tb256,focused,on_policy_reference,187,187,1,0.05439281463623047,5.3125,-0.4020330337662017,,,293.94921875,0.828125,0.95703125
on_policy_reference_e1_tb256,focused,on_policy_reference,188,188,1,0.04891014099121094,7.75,-0.3311405691129039,,,325.4609375,0.703125,0.94921875
on_policy_reference_e1_tb256,focused,on_policy_reference,189,189,1,0.05093574523925781,16.0,-0.30867959871829953,,,344.546875,0.625,0.9296875
on_policy_reference_e1_tb256,focused,on_policy_reference,190,190,1,0.04715394973754883,11.0625,-0.12019629913447716,,,365.89453125,0.671875,0.9140625
on_policy_reference_e1_tb256,focused,on_policy_reference,191,191,1,0.044760704040527344,12.875,-0.12832311981765088,,,367.9609375,0.6875,0.9375
on_policy_reference_e1_tb256,focused,on_policy_reference,192,192,1,0.048839569091796875,14.875,-0.3580051888930029,,,278.265625,0.72265625,0.9609375
on_policy_reference_e1_tb256,focused,on_policy_reference,193,193,1,0.051727294921875,15.9375,-0.38759933607161656,,,301.640625,0.671875,0.9375
on_policy_reference_e1_tb256,focused,on_policy_reference,194,194,1,0.04759860038757324,20.75,-0.3912036755136796,,,321.40234375,0.62109375,0.91796875
on_policy_reference_e1_tb256,focused,on_policy_reference,195,195,1,0.05440092086791992,18.5,-0.434353951648518,,,378.37890625,0.59375,0.87890625
on_policy_reference_e1_tb256,focused,on_policy_reference,196,196,1,0.048491477966308594,9.125,-0.14446250473520195,,,406.04296875,0.4765625,0.890625
on_policy_reference_e1_tb256,focused,on_policy_reference,197,197,1,0.05435657501220703,12.625,-0.38501842707773903,,,322.0,0.65234375,0.92578125
on_policy_reference_e1_tb256,focused,on_policy_reference,198,198,1,0.04704475402832031,12.5625,-0.37547624202852603,,,387.48046875,0.59765625,0.86328125
on_policy_reference_e1_tb256,focused,on_policy_reference,199,199,1,0.046681880950927734,16.5,-0.34544031484620064,,,357.4375,0.40625,0.890625
on_policy_reference_e1_tb256,focused,on_policy_reference,200,200,1,0.043761253356933594,32.0,-0.23465553174173692,,,332.65234375,0.69921875,0.91015625
focused_e2_tb256,focused,true_off_policy,1,2,2,0.6893386840820312,0.107421875,0.0010670264309737831,0.25692157802404836,0.30333900451660156,305.171875,0.015625,0.1796875
focused_e2_tb256,focused,true_off_policy,2,4,2,0.6703338623046875,6.34375,0.033399119041860104,0.15694542820710922,-0.03161989152431488,155.328125,0.14453125,0.7421875
focused_e2_tb256,focused,true_off_policy,3,6,2,0.5265007019042969,1.03125,0.005384067888371646,0.2479652309921221,0.30446958541870117,157.90625,0.14453125,0.73046875
focused_e2_tb256,focused,true_off_policy,4,8,2,0.47216796875,15.125,0.02489828405668959,0.13399326774379006,-0.0008946321904659271,191.0,0.13671875,0.6875
focused_e2_tb256,focused,true_off_policy,5,10,2,0.5005264282226562,0.859375,-0.004401252954266965,0.1304162102023838,0.0305137038230896,108.01953125,0.2421875,0.7890625
focused_e2_tb256,focused,true_off_policy,6,12,2,0.3979301452636719,6.90625,0.017876701575005427,0.14402966536908934,0.07839968800544739,178.91015625,0.21484375,0.76171875
focused_e2_tb256,focused,true_off_policy,7,14,2,0.361114501953125,1.046875,-0.0024491358490195125,0.11642652681621257,0.03552022576332092,153.27734375,0.30078125,0.8359375
focused_e2_tb256,focused,true_off_policy,8,16,2,0.3946952819824219,1.4375,-0.003611409629229456,0.11553323843509133,-0.019425101578235626,160.734375,0.2265625,0.81640625
focused_e2_tb256,focused,true_off_policy,9,18,2,0.3251380920410156,0.6484375,-0.002587969385785982,0.13371455238666385,0.06657517701387405,120.5625,0.28515625,0.87109375
focused_e2_tb256,focused,true_off_policy,10,20,2,0.2711219787597656,1.0703125,-0.004328752489527687,0.11519221197522711,0.05327928066253662,118.65625,0.375,0.85546875
focused_e2_tb256,focused,true_off_policy,11,22,2,0.33789825439453125,1.09375,-0.003356176515808329,0.11589720546908211,-0.001888275146484375,106.6328125,0.3125,0.89453125
focused_e2_tb256,focused,true_off_policy,12,24,2,0.2861480712890625,1.6796875,-0.0026046290004160255,0.13299968941282714,0.07342036813497543,121.71484375,0.2890625,0.87109375
focused_e2_tb256,focused,true_off_policy,13,26,2,0.34075164794921875,1.1640625,-0.004174534638877958,0.11478108679784782,0.03980749845504761,106.76953125,0.22265625,0.9140625
focused_e2_tb256,focused,true_off_policy,14,28,2,0.3015937805175781,2.234375,4.122353857383132e-05,0.12424043061037082,0.014875128865242004,129.171875,0.25,0.86328125
focused_e2_tb256,focused,true_off_policy,15,30,2,0.2543220520019531,1.90625,-0.0013381540484260768,0.15132197783896117,0.07364857196807861,109.765625,0.3125,0.9140625
focused_e2_tb256,focused,true_off_policy,16,32,2,0.26583099365234375,1.3203125,-0.0024496011901646852,0.12690850077706273,0.021084479987621307,104.8046875,0.2578125,0.90234375
focused_e2_tb256,focused,true_off_policy,17,34,2,0.2693824768066406,0.75390625,-0.003072040097322315,0.11937348759238375,0.04033786058425903,144.6640625,0.2265625,0.828125
focused_e2_tb256,focused,true_off_policy,18,36,2,0.2339324951171875,1.5234375,-0.0025728860637173057,0.10943194979336113,0.04100202023983002,126.21484375,0.33203125,0.88671875
focused_e2_tb256,focused,true_off_policy,19,38,2,0.2652111053466797,632.0,0.22378802820458077,0.11804019995361159,0.005437880754470825,155.14453125,0.2109375,0.83984375
focused_e2_tb256,focused,true_off_policy,20,40,2,0.21855926513671875,7.03125,0.0034636000636965036,0.11690394156175898,0.02436702512204647,150.140625,0.21875,0.85546875
focused_e2_tb256,focused,true_off_policy,21,42,2,0.22441482543945312,1.25,-0.0030188522359821945,0.11173396063531982,0.04892176389694214,128.6640625,0.27734375,0.8828125
focused_e2_tb256,focused,true_off_policy,22,44,2,0.2426605224609375,1.4375,-0.001236217125551775,0.10598929529442103,0.020708799362182617,146.6953125,0.29296875,0.86328125
focused_e2_tb256,focused,true_off_policy,23,46,2,0.21524810791015625,1.59375,-0.0013165644777473062,0.12825704331771703,0.06044904887676239,138.4453125,0.2734375,0.86328125
focused_e2_tb256,focused,true_off_policy,24,48,2,0.2161083221435547,1.0625,-0.0019608231668826193,0.10004640331681003,0.03648015484213829,125.5078125,0.33203125,0.91015625
focused_e2_tb256,focused,true_off_policy,25,50,2,0.2039031982421875,1.609375,-0.0012927243951708078,0.1220293598526041,0.06644254922866821,136.60546875,0.38671875,0.90234375
focused_e2_tb256,focused,true_off_policy,26,52,2,0.20611572265625,350208.0,38.76932354588644,0.11667250128812157,0.009786844253540039,118.015625,0.35546875,0.8984375
focused_e2_tb256,focused,true_off_policy,27,54,2,0.20529556274414062,3.34375,0.00028077332535758615,0.09458074691792717,0.0038631707429885864,190.40234375,0.29296875,0.81640625
focused_e2_tb256,focused,true_off_policy,28,56,2,0.18358230590820312,3.203125,0.0009941387979779392,0.12956904966267757,0.0707886815071106,160.1953125,0.34765625,0.875
focused_e2_tb256,focused,true_off_policy,29,58,2,0.19364547729492188,2.3125,-0.0014502185804303735,0.11735401893020025,0.0687817931175232,144.73046875,0.3203125,0.8984375
focused_e2_tb256,focused,true_off_policy,30,60,2,0.1912555694580078,6.09375,-0.0002252573031000793,0.09439849275440793,0.0008064731955528259,187.2578125,0.2734375,0.828125
focused_e2_tb256,focused,true_off_policy,31,62,2,0.19515228271484375,1.203125,-0.001773059368133545,0.10661963993698009,0.026933223009109497,176.95703125,0.24609375,0.83984375
focused_e2_tb256,focused,true_off_policy,32,64,2,0.18403244018554688,0.83203125,-0.0017681583412922919,0.11866437189746648,0.04987943172454834,134.97265625,0.203125,0.90625
focused_e2_tb256,focused,true_off_policy,33,66,2,0.17394638061523438,1.421875,-0.0014799617638345808,0.12621833808589145,0.015320539474487305,129.71484375,0.38671875,0.90625
focused_e2_tb256,focused,true_off_policy,34,68,2,0.16344261169433594,25.875,0.015502805006690323,0.13071163731365232,0.055976271629333496,133.1015625,0.35546875,0.90234375
focused_e2_tb256,focused,true_off_policy,35,70,2,0.18678855895996094,25.75,0.005914188775932416,0.13503293512621894,0.10801082849502563,141.17578125,0.3671875,0.8828125
focused_e2_tb256,focused,true_off_policy,36,72,2,0.1586894989013672,1.6875,-0.0003213313757441938,0.11680396451993147,0.05472525954246521,173.5078125,0.34375,0.84765625
focused_e2_tb256,focused,true_off_policy,37,74,2,0.16186904907226562,3.75,0.0018608859390951693,0.13967819744721055,0.08786648511886597,140.453125,0.36328125,0.88671875
focused_e2_tb256,focused,true_off_policy,38,76,2,0.1631145477294922,1.8125,-8.567201439291239e-05,0.12612250058737118,0.07138669490814209,151.65625,0.32421875,0.87890625
focused_e2_tb256,focused,true_off_policy,39,78,2,0.1624431610107422,2.15625,-0.0006898792926222086,0.11445822049063281,0.05525568127632141,165.76953125,0.34765625,0.859375
focused_e2_tb256,focused,true_off_policy,40,80,2,0.1937093734741211,8.75,0.0006137083109933883,0.13265538491396,0.07146566733717918,155.046875,0.31640625,0.875
focused_e2_tb256,focused,true_off_policy,41,82,2,0.177215576171875,43.5,0.010828173835761845,0.1345076171819528,0.08201418817043304,169.7578125,0.3515625,0.86328125
focused_e2_tb256,focused,true_off_policy,42,84,2,0.1647510528564453,49.5,0.022663023235509172,0.13966036879719468,0.04252344369888306,146.0703125,0.38671875,0.91796875
focused_e2_tb256,focused,true_off_policy,43,86,2,0.15620803833007812,158.0,0.02882930258056149,0.13964532385580242,0.08363394439220428,140.29296875,0.328125,0.90625
focused_e2_tb256,focused,true_off_policy,44,88,2,0.1735849380493164,568.0,0.06996141298441216,0.13027358074032236,0.0566173791885376,185.49609375,0.36328125,0.8515625
focused_e2_tb256,focused,true_off_policy,45,90,2,0.17791175842285156,2.3125,0.0012308640289120376,0.15375271425000392,0.07798874378204346,174.95703125,0.2578125,0.8046875
focused_e2_tb256,focused,true_off_policy,46,92,2,0.16852951049804688,28.125,0.010994528885930777,0.13347359193721786,0.006958603858947754,174.765625,0.31640625,0.78515625
focused_e2_tb256,focused,true_off_policy,47,94,2,0.17446136474609375,3.921875,0.0029853882442694157,0.11635734206356574,0.05792686343193054,227.296875,0.28125,0.78125
focused_e2_tb256,focused,true_off_policy,48,96,2,0.18378067016601562,52.0,0.03263565539964475,0.11574721493479956,-0.03913971781730652,217.5703125,0.27734375,0.80859375
focused_e2_tb256,focused,true_off_policy,49,98,2,0.18505859375,6225920.0,435.63166443185764,0.1132267321809195,0.06260228157043457,237.5625,0.36328125,0.73046875
focused_e2_tb256,focused,true_off_policy,50,100,2,0.1763935089111328,207.0,0.0463834315596614,0.13788244641909841,0.06032437086105347,202.73828125,0.34375,0.8125
focused_e2_tb256,focused,true_off_policy,51,102,2,0.18479537963867188,2800.0,0.42017836711602286,0.13759598954493413,0.1348743438720703,208.8828125,0.33984375,0.8359375
focused_e2_tb256,focused,true_off_policy,52,104,2,0.1730365753173828,226.0,0.053871355106821284,0.11225720000948058,0.018291592597961426,260.32421875,0.30078125,0.74609375
focused_e2_tb256,focused,true_off_policy,53,106,2,0.1986846923828125,296.0,0.0729081452882383,0.14254339931358118,0.21424686908721924,283.0390625,0.23046875,0.68359375
focused_e2_tb256,focused,true_off_policy,54,108,2,0.1887073516845703,32.25,0.02740361777250655,0.14228119648396387,-0.023243652656674385,230.12890625,0.42578125,0.76171875
focused_e2_tb256,focused,true_off_policy,55,110,2,0.20440673828125,11.3125,0.006245569471502677,0.1532582519139396,0.1278594732284546,255.86328125,0.25390625,0.6953125
focused_e2_tb256,focused,true_off_policy,56,112,2,0.17725467681884766,13.0625,0.015882656472967938,0.1851242145494325,0.2517804950475693,237.9609375,0.3984375,0.7734375
focused_e2_tb256,focused,true_off_policy,57,114,2,0.20811080932617188,79.0,0.022456080449046567,0.15728323471557815,0.03880199044942856,322.51171875,0.29296875,0.640625
focused_e2_tb256,focused,true_off_policy,58,116,2,0.1952037811279297,398.0,0.07696779034449719,0.1946425900387112,0.10806896537542343,313.48046875,0.33203125,0.67578125
focused_e2_tb256,focused,true_off_policy,59,118,2,0.18245506286621094,3072.0,0.7041485349764116,0.16862420017787372,0.10153141617774963,328.26953125,0.2890625,0.65625
focused_e2_tb256,focused,true_off_policy,60,120,2,0.18766403198242188,201.0,0.05120786480256356,0.2278361567441607,0.26156359910964966,311.83203125,0.33984375,0.6953125
focused_e2_tb256,focused,true_off_policy,61,122,2,0.1824169158935547,7456.0,1.4531880436406936,0.21429143256682437,0.07678034901618958,250.6796875,0.33203125,0.72265625
focused_e2_tb256,focused,true_off_policy,62,124,2,0.18777799606323242,99328.0,14.385023771494161,0.23325296731491107,-0.12602733075618744,312.48828125,0.2109375,0.65625
focused_e2_tb256,focused,true_off_policy,63,126,2,0.19094467163085938,8224768.0,1574.8272135943407,0.2451569913610001,-0.43634748458862305,303.8984375,0.31640625,0.7109375
focused_e2_tb256,focused,true_off_policy,64,128,2,0.18893814086914062,12352.0,8.89392323163338,0.18499074711144203,-0.36415863037109375,292.48828125,0.27734375,0.66015625
focused_e2_tb256,focused,true_off_policy,65,130,2,0.19197463989257812,4048.0,2.852765245072078,0.14143652433995157,-0.2455417513847351,308.1328125,0.375,0.6953125
focused_e2_tb256,focused,true_off_policy,66,132,2,0.17938995361328125,1504.0,0.723488796124002,0.13464210009988165,-0.11788797378540039,303.36328125,0.27734375,0.67578125
focused_e2_tb256,focused,true_off_policy,67,134,2,0.18782424926757812,5.5625,0.004619968502083793,0.14037079206173075,0.07387816905975342,276.73828125,0.33984375,0.69921875
focused_e2_tb256,focused,true_off_policy,68,136,2,0.19085311889648438,11.25,0.008108984329737723,0.14832490289700218,0.36263132095336914,271.83984375,0.3359375,0.734375
focused_e2_tb256,focused,true_off_policy,69,138,2,0.1813793182373047,294912.0,319973.1687442546,0.16308897436101688,0.12253859639167786,341.07421875,0.24609375,0.58984375
focused_e2_tb256,focused,true_off_policy,70,140,2,0.19167804718017578,64.5,0.03305898999678902,0.16576755437563406,0.27641308307647705,310.421875,0.32421875,0.6875
focused_e2_tb256,focused,true_off_policy,71,142,2,0.1651979684829712,1600.0,0.5464093883347232,0.17945358211363782,-0.025967955589294434,338.51953125,0.30078125,0.61328125
focused_e2_tb256,focused,true_off_policy,72,144,2,0.16910767555236816,4048.0,0.7905362083110958,0.1691469662982854,-0.207308828830719,345.73046875,0.32421875,0.61328125
focused_e2_tb256,focused,true_off_policy,73,146,2,0.15745759010314941,6.15625,0.01117817367776297,0.17750198041903786,0.42395734786987305,320.19140625,0.3515625,0.6953125
focused_e2_tb256,focused,true_off_policy,74,148,2,0.16470551490783691,20.625,0.009775399244972505,0.23238490361109143,0.48812514543533325,305.80078125,0.35546875,0.73046875
focused_e2_tb256,focused,true_off_policy,75,150,2,0.15157127380371094,16.0,0.010355953825637698,0.19842653079831507,0.3096269369125366,333.99609375,0.33984375,0.609375
focused_e2_tb256,focused,true_off_policy,76,152,2,0.1545346975326538,62.5,0.02796266760560684,0.18927492114016786,-0.03435450792312622,388.8359375,0.20703125,0.58984375
focused_e2_tb256,focused,true_off_policy,77,154,2,0.09887456893920898,4112384.0,309.7649761456996,0.2039320365729509,0.20053482055664062,466.85546875,0.17578125,0.48828125
focused_e2_tb256,focused,true_off_policy,78,156,2,0.12184956669807434,142.0,0.0690374078694731,0.2193440118644503,-0.05337435007095337,404.0703125,0.296875,0.61328125
focused_e2_tb256,focused,true_off_policy,79,158,2,0.1044691801071167,219.0,0.03904679630068131,0.21302784481667913,0.08376991748809814,413.28515625,0.390625,0.59375
focused_e2_tb256,focused,true_off_policy,80,160,2,0.08543622493743896,864.0,0.2569949057069607,0.19997819721174892,-0.1907801628112793,461.24609375,0.28125,0.54296875
focused_e2_tb256,focused,true_off_policy,81,162,2,0.13449670374393463,86016.0,8.552492283517495,0.2192936735591502,-0.2357713133096695,395.26171875,0.23828125,0.62109375
focused_e2_tb256,focused,true_off_policy,82,164,2,0.136326402425766,8585216.0,1133.8166702181334,0.19204974081367254,-0.26995599269866943,486.8359375,0.15625,0.515625
focused_e2_tb256,focused,true_off_policy,83,166,2,0.10823184251785278,10239202033664.0,587206170.4475398,0.2143074699488352,-0.39175987243652344,421.48046875,0.203125,0.58203125
focused_e2_tb256,focused,true_off_policy,84,168,2,0.11154502630233765,434176.0,45.52433436494903,0.16335372960020322,-0.262958288192749,501.90625,0.2109375,0.515625
focused_e2_tb256,focused,true_off_policy,85,170,2,0.14653408527374268,27787264.0,61553.89775713545,0.21250327946108882,-0.6592788696289062,402.12890625,0.28125,0.60546875
focused_e2_tb256,focused,true_off_policy,86,172,2,0.15557217597961426,60555264.0,5909.6379354099045,0.1894522711299942,-0.7292499542236328,401.09765625,0.296875,0.60546875
focused_e2_tb256,focused,true_off_policy,87,174,2,0.1691344976425171,1672.0,0.3400586993084289,0.16733781073526188,0.00673753023147583,379.38671875,0.3046875,0.58203125
focused_e2_tb256,focused,true_off_policy,88,176,2,0.16614556312561035,3.71875,0.011185562907485291,0.19753618907998316,0.48000144958496094,332.26171875,0.25390625,0.70703125
focused_e2_tb256,focused,true_off_policy,89,178,2,0.15513861179351807,4.90625,0.008698707504663616,0.21348924317862839,0.45708300918340683,354.3125,0.28515625,0.66796875
focused_e2_tb256,focused,true_off_policy,90,180,2,0.14991497993469238,1880.0,0.5952516435354482,0.1857941507405485,0.1760045476257801,366.33203125,0.296875,0.63671875
focused_e2_tb256,focused,true_off_policy,91,182,2,0.14596322178840637,64.5,0.038332028867444023,0.20046717958030058,0.6644554138183594,437.265625,0.1796875,0.56640625
focused_e2_tb256,focused,true_off_policy,92,184,2,0.16165071725845337,4194304.0,551.5023457338684,0.2097150824338314,0.015939056873321533,370.6796875,0.27734375,0.65625
focused_e2_tb256,focused,true_off_policy,93,186,2,0.13346469402313232,587202560.0,119037.47310191553,0.18823703476664377,-0.529259204864502,424.1640625,0.3203125,0.6171875
focused_e2_tb256,focused,true_off_policy,94,188,2,0.12526650726795197,943718400.0,86208.3315389516,0.18483558359730523,-0.4880144000053406,414.22265625,0.265625,0.62890625
focused_e2_tb256,focused,true_off_policy,95,190,2,0.14696085453033447,272629760.0,30839.58136125625,0.17795558880607132,-0.5835757255554199,393.87109375,0.34765625,0.61328125
focused_e2_tb256,focused,true_off_policy,96,192,2,0.16656208038330078,3.140625,0.0018796762451529503,0.10337518459709827,0.18006139993667603,391.61328125,0.31640625,0.59765625
focused_e2_tb256,focused,true_off_policy,97,194,2,0.11223313957452774,3.0625,0.022597817878704518,0.2223711695842212,1.148916244506836,450.0390625,0.23046875,0.609375
focused_e2_tb256,focused,true_off_policy,98,196,2,0.1297043263912201,19.25,0.012709910719422624,0.19027560432004975,0.3542306423187256,455.1328125,0.2109375,0.5390625
focused_e2_tb256,focused,true_off_policy,99,198,2,0.11689747869968414,15728640.0,1526.6776999151625,0.1955023186892504,-0.18729105591773987,467.93359375,0.22265625,0.55859375
focused_e2_tb256,focused,true_off_policy,100,200,2,0.09596992284059525,13287555072.0,1478569.314848566,0.202302824734943,-0.625579833984375,480.65234375,0.24609375,0.51953125
focused_e2_tb256,focused,true_off_policy,101,202,2,0.12263263761997223,440401920.0,68687.01924519188,0.19605685141505091,-0.8424258232116699,435.89453125,0.33984375,0.58984375
focused_e2_tb256,focused,true_off_policy,102,204,2,0.10099780559539795,14965276672.0,1888605.2682182575,0.1478021253424231,-0.6301732063293457,514.515625,0.24609375,0.51171875
focused_e2_tb256,focused,true_off_policy,103,206,2,0.10594868659973145,2408448.0,468.787265722407,0.18612231448787497,-0.6136054992675781,497.203125,0.2578125,0.51171875
focused_e2_tb256,focused,true_off_policy,104,208,2,0.13736215233802795,333447168.0,59316.162350770144,0.1452882004887215,-0.41294002532958984,475.7578125,0.21484375,0.515625
focused_e2_tb256,focused,true_off_policy,105,210,2,0.1666027307510376,20.625,0.0075171045027673244,0.15059838800880243,0.347170889377594,376.54296875,0.265625,0.625
focused_e2_tb256,focused,true_off_policy,106,212,2,0.12229609489440918,36.75,0.02320194423373323,0.15722801722586155,0.6262931823730469,443.34765625,0.28125,0.578125
focused_e2_tb256,focused,true_off_policy,107,214,2,0.12005007266998291,5.5625,0.00941840308951214,0.16577763557143044,0.3701869249343872,434.828125,0.35546875,0.625
focused_e2_tb256,focused,true_off_policy,108,216,2,0.08108958601951599,45.0,0.018138959509087726,0.12888334461604245,0.4394230842590332,560.94921875,0.2109375,0.4375
focused_e2_tb256,focused,true_off_policy,109,218,2,0.08676397800445557,34304.0,6.091260329354554,0.1614836938024382,0.44090771675109863,587.66796875,0.125,0.4453125
focused_e2_tb256,focused,true_off_policy,110,220,2,0.08534929156303406,35165044736.0,2213789.776261031,0.11941920201934408,-0.14142410084605217,607.13671875,0.19921875,0.3671875
focused_e2_tb256,focused,true_off_policy,111,222,2,0.0789792537689209,287309824.0,30422.07369631843,0.12663729691121262,-0.3817901611328125,660.45703125,0.171875,0.32421875
focused_e2_tb256,focused,true_off_policy,112,224,2,0.12989142537117004,687194767360.0,81642364.63576907,0.13437467432959238,-0.3720666170120239,520.27734375,0.26953125,0.515625
focused_e2_tb256,focused,true_off_policy,113,226,2,0.11056588590145111,inf,2335461363881860.0,0.11714878469501855,-0.546959400177002,600.12109375,0.2265625,0.3828125
focused_e2_tb256,focused,true_off_policy,114,228,2,0.13215860724449158,1535115264.0,311235.94532469526,0.13649414308019914,-0.5144987106323242,524.80078125,0.22265625,0.46484375
focused_e2_tb256,focused,true_off_policy,115,230,2,0.13102495670318604,574619648.0,48978.67587465816,0.10616679806116736,-0.41019248962402344,542.51953125,0.23828125,0.45703125
focused_e2_tb256,focused,true_off_policy,116,232,2,0.21806924045085907,8321499136.0,1075534.8982046857,0.12956149860838195,-0.5737929344177246,390.16796875,0.30078125,0.59765625
focused_e2_tb256,focused,true_off_policy,117,234,2,0.18174755573272705,2.390625,0.0014887107245158404,0.14063386400448508,0.4181668609380722,440.66796875,0.24609375,0.53515625
focused_e2_tb256,focused,true_off_policy,118,236,2,0.17843377590179443,3178496.0,214.56974310352234,0.0892791978749301,-0.12367337942123413,393.6875,0.28125,0.58984375
focused_e2_tb256,focused,true_off_policy,119,238,2,0.19067227840423584,2.453125,0.004445685335667804,0.14386153985833516,0.4896169900894165,360.75,0.328125,0.6640625
focused_e2_tb256,focused,true_off_policy,120,240,2,0.18164712190628052,3129344.0,380.4039639548573,0.12297988736099796,0.28728151321411133,393.77734375,0.296875,0.609375
focused_e2_tb256,focused,true_off_policy,121,242,2,0.17907917499542236,8.75,0.007814455108018592,0.1359473984921351,0.5038557127118111,411.23828125,0.27734375,0.59375
focused_e2_tb256,focused,true_off_policy,122,244,2,0.16526305675506592,1753088.0,2334.2719391199353,0.13385648888652213,0.10878986120223999,405.95703125,0.2265625,0.59375
focused_e2_tb256,focused,true_off_policy,123,246,2,0.12801812589168549,5.0,0.003964509654906578,0.1574155653397611,0.4320763349533081,488.125,0.23828125,0.5390625
focused_e2_tb256,focused,true_off_policy,124,248,2,0.08886110782623291,33.5,0.004849267832469195,0.13025891492361552,0.28877848759293556,528.796875,0.21875,0.45703125
focused_e2_tb256,focused,true_off_policy,125,250,2,0.10266274213790894,11200.0,1.273349792463705,0.11926032728661085,0.1619977504014969,528.5390625,0.19921875,0.49609375
focused_e2_tb256,focused,true_off_policy,126,252,2,0.13304083049297333,7.53125,0.0045919429685454816,0.1831207951036049,0.44276273250579834,448.71484375,0.26171875,0.56640625
focused_e2_tb256,focused,true_off_policy,127,254,2,0.11507351696491241,177.0,0.028298033692408353,0.11708346127852565,0.19750356674194336,463.0546875,0.34375,0.5546875
focused_e2_tb256,focused,true_off_policy,128,256,2,0.11782379448413849,73400320.0,13935.954925666476,0.10657598297257209,-0.10942445695400238,512.2421875,0.3359375,0.515625
focused_e2_tb256,focused,true_off_policy,129,258,2,0.10163670778274536,2600468480.0,277303.60039651726,0.14470286727009807,-0.46268391609191895,550.3515625,0.171875,0.4609375
focused_e2_tb256,focused,true_off_policy,130,260,2,0.13190680742263794,44040192.0,3821.004279947083,0.12666860367608024,-0.35142219066619873,467.28125,0.2734375,0.55078125
focused_e2_tb256,focused,true_off_policy,131,262,2,0.12559041380882263,33260226740224.0,1858158793.1912582,0.13581639176118188,-0.5815162658691406,508.875,0.2109375,0.4609375
focused_e2_tb256,focused,true_off_policy,132,264,2,0.15536662936210632,3096224743817216.0,349689674672.4156,0.14405773412727285,-0.6324336528778076,380.453125,0.35546875,0.62109375
focused_e2_tb256,focused,true_off_policy,133,266,2,0.18071448802947998,1736441856.0,470739.0388476348,0.14513094284484396,-0.6803479194641113,403.8125,0.203125,0.55859375
focused_e2_tb256,focused,true_off_policy,134,268,2,0.18437349796295166,1224736768.0,155046.65501749274,0.13534963795973454,0.06618869304656982,395.1796875,0.20703125,0.5703125
focused_e2_tb256,focused,true_off_policy,135,270,2,0.1831129789352417,7360.0,1.299283082189504,0.14762373019766528,0.24387646466493607,409.16015625,0.25,0.58203125
focused_e2_tb256,focused,true_off_policy,136,272,2,0.14965009689331055,20.0,0.02347866026684642,0.16613669284561183,0.9021024703979492,422.67578125,0.23828125,0.54296875
focused_e2_tb256,focused,true_off_policy,137,274,2,0.16311776638031006,10158080.0,629.5349851490464,0.19834897362306947,-0.10762915015220642,368.8203125,0.27734375,0.609375
focused_e2_tb256,focused,true_off_policy,138,276,2,0.17908930778503418,4496293888.0,395209.8872208721,0.20461118693492608,0.3496980667114258,406.0703125,0.27734375,0.5625
focused_e2_tb256,focused,true_off_policy,139,278,2,0.14850249886512756,5504.0,1.1153560994716827,0.24790535030479077,0.400631383061409,376.8046875,0.3125,0.640625
focused_e2_tb256,focused,true_off_policy,140,280,2,0.18555793166160583,73.5,0.023459421732695773,0.19720451379544102,0.6511616706848145,342.515625,0.2421875,0.640625
focused_e2_tb256,focused,true_off_policy,141,282,2,0.10123848915100098,16768.0,2.0154494483431336,0.1762609920988325,0.030554331839084625,462.4609375,0.296875,0.5625
focused_e2_tb256,focused,true_off_policy,142,284,2,0.142383873462677,5308416.0,577.7277103773085,0.22802344542287756,-0.5600419044494629,389.375,0.26953125,0.58203125
focused_e2_tb256,focused,true_off_policy,143,286,2,0.11736500263214111,330712481792.0,32810331.823328942,0.26557298063562484,-1.045119285583496,482.02734375,0.24609375,0.53515625
focused_e2_tb256,focused,true_off_policy,144,288,2,0.10433149337768555,1213860837064704.0,125278477147.63326,0.1955467923762626,-1.1361465454101562,460.5625,0.2265625,0.51171875
focused_e2_tb256,focused,true_off_policy,145,290,2,0.10595005750656128,129742372077568.0,15396959494.324816,0.2373418195056729,-1.465850830078125,470.17578125,0.140625,0.53125
focused_e2_tb256,focused,true_off_policy,146,292,2,0.11323046684265137,3.062447746611937e+17,60351179523253.984,0.22064866723667365,-1.9203834533691406,451.54296875,0.2109375,0.51953125
focused_e2_tb256,focused,true_off_policy,147,294,2,0.14820516109466553,22675456.0,4802.6094975028245,0.15614075717166997,-0.13827714323997498,351.22265625,0.296875,0.66015625
focused_e2_tb256,focused,true_off_policy,148,296,2,0.1645122766494751,1417216.0,251.37449665847817,0.14388471256825142,0.7217170000076294,359.73046875,0.296875,0.62109375
focused_e2_tb256,focused,true_off_policy,149,298,2,0.11652323603630066,3.875,0.01303306856425479,0.20093284622271312,1.4397306442260742,454.58984375,0.23046875,0.53125
focused_e2_tb256,focused,true_off_policy,150,300,2,0.11094462871551514,2352.0,0.28808794473297894,0.14291153348676744,0.18257492780685425,520.05859375,0.17578125,0.46875
focused_e2_tb256,focused,true_off_policy,151,302,2,0.14340803027153015,7733248.0,526.4737862216425,0.2135194332258834,-0.43092024326324463,410.1640625,0.203125,0.57421875
focused_e2_tb256,focused,true_off_policy,152,304,2,0.18253159523010254,235520.0,34.604030645044986,0.18396062255851575,-0.2647133842110634,344.7890625,0.25,0.62109375
focused_e2_tb256,focused,true_off_policy,153,306,2,0.15742770582437515,29.625,0.004870339937042445,0.13773944839340402,0.2625194191932678,404.0,0.234375,0.5703125
focused_e2_tb256,focused,true_off_policy,154,308,2,0.1102772057056427,5.9375,0.006824370240792632,0.20105712392978603,0.505878210067749,454.375,0.2578125,0.5546875
focused_e2_tb256,focused,true_off_policy,155,310,2,0.1300060749053955,5440.0,1.2338428586663213,0.1585378424861119,-0.03851870074868202,423.7109375,0.28125,0.56640625
focused_e2_tb256,focused,true_off_policy,156,312,2,0.14082133769989014,1785856.0,121.59045123317628,0.18471588437023456,-0.30486801266670227,428.421875,0.1875,0.546875
focused_e2_tb256,focused,true_off_policy,157,314,2,0.14815080165863037,591396864.0,52400.14753242192,0.19852938895928673,-0.2691868245601654,373.84375,0.26953125,0.640625
focused_e2_tb256,focused,true_off_policy,158,316,2,0.1304505467414856,3934190043136.0,350889863.2884923,0.1746591170085594,-0.029724571853876114,422.29296875,0.2109375,0.61328125
focused_e2_tb256,focused,true_off_policy,159,318,2,0.16503429412841797,86528.0,13.88161693274742,0.1744566073975875,-0.1630241870880127,371.8125,0.28125,0.60546875
focused_e2_tb256,focused,true_off_policy,160,320,2,0.1197587251663208,3204448256.0,184088.82653348445,0.17090944130904973,-0.5827028751373291,432.0078125,0.30859375,0.58984375
focused_e2_tb256,focused,true_off_policy,161,322,2,0.13504672050476074,1012.0,0.11744146840646863,0.16341021514381282,0.2669527530670166,380.7265625,0.2890625,0.62890625
focused_e2_tb256,focused,true_off_policy,162,324,2,0.13271963596343994,89128960.0,5436.765605386579,0.17800280138544622,-0.1862550973892212,415.17578125,0.28125,0.58203125
focused_e2_tb256,focused,true_off_policy,163,326,2,0.1383533477783203,1007616.0,130.64711139624706,0.20036439453542698,-0.07016734778881073,377.96484375,0.359375,0.63671875
focused_e2_tb256,focused,true_off_policy,164,328,2,0.11907404661178589,315392.0,46.24007848021574,0.1496632257476449,-0.2279336154460907,470.45703125,0.25390625,0.515625
focused_e2_tb256,focused,true_off_policy,165,330,2,0.13239943981170654,8.9375,0.0015195288287941366,0.2348971747123869,0.46416568756103516,388.91015625,0.21875,0.609375
focused_e2_tb256,focused,true_off_policy,166,332,2,0.1504872888326645,46439333888.0,8783526.382265262,0.20039572858149768,-0.5154747366905212,376.71875,0.32421875,0.62890625
focused_e2_tb256,focused,true_off_policy,167,334,2,0.1587451696395874,3.9181316758123315e+17,274103138149884.6,0.2016281380529108,-1.1844764947891235,352.296875,0.3359375,0.68359375
focused_e2_tb256,focused,true_off_policy,168,336,2,0.14242583513259888,77846282240.0,5373983.744717777,0.13678306466317736,-0.3799266815185547,432.23046875,0.20703125,0.53515625
focused_e2_tb256,focused,true_off_policy,169,338,2,0.1853325366973877,260096.0,21.062309067172464,0.13837011863506632,0.016274064779281616,338.7578125,0.3671875,0.671875
focused_e2_tb256,focused,true_off_policy,170,340,2,0.18355274200439453,28672.0,4.781967155140592,0.13432261441812443,0.014206431806087494,376.6953125,0.2734375,0.625
focused_e2_tb256,focused,true_off_policy,171,342,2,0.14551830291748047,2.78125,0.014890075719449669,0.22947850423224736,1.50152587890625,336.40625,0.36328125,0.68359375
focused_e2_tb256,focused,true_off_policy,172,344,2,0.1677488088607788,3315714752512.0,348672014.1569179,0.20598928499384783,-0.7740353345870972,336.59765625,0.3671875,0.6796875
focused_e2_tb256,focused,true_off_policy,173,346,2,0.1728615164756775,1.953125,0.010892712984059472,0.20677332695777295,0.8850135803222656,261.6015625,0.45703125,0.75390625
focused_e2_tb256,focused,true_off_policy,174,348,2,0.17152225971221924,8280696946688.0,1090691837.027281,0.2434037655220891,-0.8988428115844727,342.546875,0.3359375,0.66796875
focused_e2_tb256,focused,true_off_policy,175,350,2,0.16841959953308105,7918845952.0,536661.1783131881,0.2117739090026589,-0.600500613451004,332.56640625,0.28125,0.65234375
focused_e2_tb256,focused,true_off_policy,176,352,2,0.2006150484085083,268288.0,43.17191493458813,0.15336461954939296,0.2476394772529602,291.5703125,0.359375,0.73828125
focused_e2_tb256,focused,true_off_policy,177,354,2,0.18413186818361282,13.0625,0.017926190106663853,0.22427481736667687,1.239278793334961,288.59375,0.39453125,0.70703125
focused_e2_tb256,focused,true_off_policy,178,356,2,0.17038118839263916,97517568.0,7712.62207553364,0.23623158372356556,0.09325921535491943,299.80078125,0.35546875,0.68359375
focused_e2_tb256,focused,true_off_policy,179,358,2,0.17640480399131775,100.0,0.028429106911062263,0.2899218010934419,1.632558822631836,274.484375,0.34375,0.71484375
focused_e2_tb256,focused,true_off_policy,180,360,2,0.14312243461608887,9.875,0.03916395117994398,0.3790243502589874,2.9771881103515625,259.875,0.35546875,0.7734375
focused_e2_tb256,focused,true_off_policy,181,362,2,0.13028869032859802,1236950581248.0,51249505.19071682,0.4226880802307278,-0.4804553985595703,248.7734375,0.4296875,0.828125
focused_e2_tb256,focused,true_off_policy,182,364,2,0.1324070692062378,730144440320.0,45102433.813589156,0.3379673974122852,-0.8369097709655762,302.31640625,0.3828125,0.71875
focused_e2_tb256,focused,true_off_policy,183,366,2,0.13385705649852753,1.3229323905400832e+17,5634097025649.348,0.32061821619572584,-1.3281879425048828,299.828125,0.37109375,0.69140625
focused_e2_tb256,focused,true_off_policy,184,368,2,0.12792253494262695,inf,4875439916146705.0,0.4197567010560306,-2.3091049194335938,298.984375,0.3203125,0.74609375
focused_e2_tb256,focused,true_off_policy,185,370,2,0.1543489694595337,20401094656.0,2112002.421458749,0.2945169857412111,-0.14494919776916504,255.02734375,0.35546875,0.78515625
focused_e2_tb256,focused,true_off_policy,186,372,2,0.1640394926071167,51968.0,9.373191328922985,0.286597717407858,0.07692241668701172,285.5234375,0.3046875,0.75
focused_e2_tb256,focused,true_off_policy,187,374,2,0.1372087001800537,74.0,0.03556636525900103,0.42897032340988517,2.7545433044433594,279.98046875,0.30859375,0.76171875
focused_e2_tb256,focused,true_off_policy,188,376,2,0.10652044415473938,244.0,0.03992845452739857,0.5090581090480555,2.951838493347168,235.6484375,0.359375,0.77734375
focused_e2_tb256,focused,true_off_policy,189,378,2,0.07927709817886353,14417920.0,1796.9262644363625,0.4947084192681359,0.45789575576782227,278.5,0.37890625,0.73046875
focused_e2_tb256,focused,true_off_policy,190,380,2,0.08260056376457214,1486058684416.0,92229203.32789318,0.4026117966277525,-1.0312085151672363,271.91015625,0.3671875,0.78515625
focused_e2_tb256,focused,true_off_policy,191,382,2,0.07794280466623604,4294967296000.0,247491622.18582794,0.4075305738952011,-1.0030601024627686,316.72265625,0.359375,0.765625
focused_e2_tb256,focused,true_off_policy,192,384,2,0.08305442333221436,3659174697238528.0,230447638217.5624,0.46094921852636617,-1.063478946685791,256.1484375,0.3828125,0.76953125
focused_e2_tb256,focused,true_off_policy,193,386,2,0.1007866095751524,inf,2.19345317100791e+16,0.4538211376348045,-2.1008336544036865,271.10546875,0.38671875,0.76171875
focused_e2_tb256,focused,true_off_policy,194,388,2,0.09583069384098053,inf,4.565279262416111e+32,0.4274424084869679,-3.6206750869750977,289.0625,0.34375,0.7734375
focused_e2_tb256,focused,true_off_policy,195,390,2,0.14156338572502136,nan,nan,0.35845608786621597,-4.411119192838669,258.046875,0.3828125,0.79296875
focused_e2_tb256,focused,true_off_policy,196,392,2,nan,nan,nan,1.0,nan,1024.0,0.0,0.0
focused_e2_tb256,focused,true_off_policy,197,394,2,nan,nan,nan,1.0,nan,1024.0,0.0,0.0
focused_e2_tb256,focused,true_off_policy,198,396,2,nan,nan,nan,1.0,nan,1024.0,0.0,0.0
focused_e2_tb256,focused,true_off_policy,199,398,2,nan,nan,nan,1.0,nan,1024.0,0.0,0.0
focused_e2_tb256,focused,true_off_policy,200,400,2,nan,nan,nan,1.0,nan,1024.0,0.0,0.0
