run,loss_type,learning_rate,grpo_step,loss,grad_norm,token_entropy,train_answer_accuracy,train_format_accuracy
reinforce_with_baseline,reinforce_with_baseline,4e-05,1,-0.007478122046450153,0.263671875,0.923675537109375,0.015625,0.1796875
reinforce_with_baseline,reinforce_with_baseline,4e-05,2,-0.04090298879600596,1.7265625,0.3959197998046875,0.2109375,0.78125
reinforce_with_baseline,reinforce_with_baseline,4e-05,3,-0.012850863538915291,1.8984375,0.2418365478515625,0.30859375,0.765625
reinforce_with_baseline,reinforce_with_baseline,4e-05,4,-0.0279774360024021,1.34375,0.2631874084472656,0.3046875,0.83203125
reinforce_with_baseline,reinforce_with_baseline,4e-05,5,-0.01564000658254372,0.95703125,0.25102996826171875,0.28515625,0.87109375
reinforce_with_baseline,reinforce_with_baseline,4e-05,6,-0.003059819260670338,0.83203125,0.29869842529296875,0.27734375,0.85546875
reinforce_with_baseline,reinforce_with_baseline,4e-05,7,-0.025119628102402203,0.91015625,0.30651092529296875,0.3828125,0.85546875
reinforce_with_baseline,reinforce_with_baseline,4e-05,8,-0.015067455649841577,0.80078125,0.30216217041015625,0.3359375,0.9140625
reinforce_with_baseline,reinforce_with_baseline,4e-05,9,-0.015654136579541955,0.7734375,0.2726402282714844,0.3828125,0.9296875
reinforce_with_baseline,reinforce_with_baseline,4e-05,10,-0.029345786955673248,1.0234375,0.2892570495605469,0.38671875,0.9453125
reinforce_with_baseline,reinforce_with_baseline,4e-05,11,-0.015246818453306332,1.1796875,0.20987701416015625,0.3671875,0.953125
reinforce_with_baseline,reinforce_with_baseline,4e-05,12,-0.013161672701244242,0.78515625,0.17969894409179688,0.41796875,0.9296875
reinforce_with_baseline,reinforce_with_baseline,4e-05,13,-0.005954450156423263,0.94921875,0.1385211944580078,0.4453125,0.90625
reinforce_with_baseline,reinforce_with_baseline,4e-05,14,-0.02317702895743423,1.0625,0.1614208221435547,0.4375,0.92578125
reinforce_with_baseline,reinforce_with_baseline,4e-05,15,-0.0038449128551292233,0.77734375,0.16402149200439453,0.35546875,0.96484375
reinforce_with_baseline,reinforce_with_baseline,4e-05,16,-0.011482541292934911,1.2265625,0.13689804077148438,0.40625,0.94140625
reinforce_with_baseline,reinforce_with_baseline,4e-05,17,-0.004583211521094199,0.81640625,0.13710975646972656,0.4140625,0.953125
reinforce_with_baseline,reinforce_with_baseline,4e-05,18,-0.008378751372219995,1.0078125,0.16572189331054688,0.453125,0.93359375
reinforce_with_baseline,reinforce_with_baseline,4e-05,19,-0.011153622672281926,0.6640625,0.13896942138671875,0.61328125,0.921875
reinforce_with_baseline,reinforce_with_baseline,4e-05,20,-0.007310843204322737,0.466796875,0.1278553009033203,0.49609375,0.921875
reinforce_with_baseline,reinforce_with_baseline,4e-05,21,-0.007784363810060313,0.6015625,0.1424236297607422,0.48828125,0.90625
reinforce_with_baseline,reinforce_with_baseline,4e-05,22,-0.003949632104195189,0.466796875,0.1406230926513672,0.51171875,0.8984375
reinforce_with_baseline,reinforce_with_baseline,4e-05,23,-0.005360956271942996,0.369140625,0.12769699096679688,0.5859375,0.9140625
reinforce_with_baseline,reinforce_with_baseline,4e-05,24,-0.005764754932897631,0.447265625,0.12030410766601562,0.55078125,0.9375
reinforce_with_baseline,reinforce_with_baseline,4e-05,25,-0.011011522077751579,0.318359375,0.1250457763671875,0.59765625,0.92578125
reinforce_with_baseline,reinforce_with_baseline,4e-05,26,-0.008596498464612523,0.2412109375,0.13929367065429688,0.61328125,0.9140625
reinforce_with_baseline,reinforce_with_baseline,4e-05,27,-0.00443628064749646,0.279296875,0.11414909362792969,0.62890625,0.93359375
reinforce_with_baseline,reinforce_with_baseline,4e-05,28,-0.0030745065269002225,0.361328125,0.12334251403808594,0.63671875,0.890625
reinforce_with_baseline,reinforce_with_baseline,4e-05,29,-0.008869787605362944,0.423828125,0.11585235595703125,0.59765625,0.90234375
reinforce_with_baseline,reinforce_with_baseline,4e-05,30,-0.0023500851239077747,0.2373046875,0.11034107208251953,0.59765625,0.87890625
reinforce_with_baseline,reinforce_with_baseline,4e-05,31,-0.003312610764623969,0.25,0.12013816833496094,0.66015625,0.91015625
reinforce_with_baseline,reinforce_with_baseline,4e-05,32,0.0025084501448873198,0.21875,0.12280082702636719,0.69921875,0.9375
reinforce_with_baseline,reinforce_with_baseline,4e-05,33,-0.007217235939606326,0.37109375,0.12548446655273438,0.625,0.94921875
reinforce_with_baseline,reinforce_with_baseline,4e-05,34,-0.004618408616806846,0.205078125,0.1461048126220703,0.60546875,0.8828125
reinforce_with_baseline,reinforce_with_baseline,4e-05,35,-0.010862971750611905,0.2578125,0.14098644256591797,0.6015625,0.9375
reinforce_with_baseline,reinforce_with_baseline,4e-05,36,-0.006425730029150145,0.2080078125,0.14603042602539062,0.5078125,0.91796875
reinforce_with_baseline,reinforce_with_baseline,4e-05,37,-0.0011218741128686816,0.263671875,0.13605308532714844,0.69140625,0.93359375
reinforce_with_baseline,reinforce_with_baseline,4e-05,38,-0.0077062227501301095,0.25,0.15274810791015625,0.65234375,0.9140625
reinforce_with_baseline,reinforce_with_baseline,4e-05,39,-0.0038835827144794166,0.201171875,0.11304092407226562,0.73046875,0.92578125
reinforce_with_baseline,reinforce_with_baseline,4e-05,40,-0.003566579460311914,0.5625,0.14833831787109375,0.6171875,0.9140625
reinforce_with_baseline,reinforce_with_baseline,4e-05,41,-0.003497599776892457,0.42578125,0.11393165588378906,0.70703125,0.95703125
reinforce_with_baseline,reinforce_with_baseline,4e-05,42,-0.006737460960721364,0.2021484375,0.1170358657836914,0.66796875,0.93359375
reinforce_with_baseline,reinforce_with_baseline,4e-05,43,-0.003558556167263305,0.189453125,0.08796024322509766,0.70703125,0.921875
reinforce_with_baseline,reinforce_with_baseline,4e-05,44,-0.0008009708762983792,0.197265625,0.10083580017089844,0.609375,0.9140625
reinforce_with_baseline,reinforce_with_baseline,4e-05,45,-0.0037074230785947293,0.30859375,0.0898752212524414,0.56640625,0.9296875
reinforce_with_baseline,reinforce_with_baseline,4e-05,46,-0.0026682077077566646,0.2236328125,0.08523178100585938,0.57421875,0.859375
reinforce_with_baseline,reinforce_with_baseline,4e-05,47,-0.0029613935039378703,0.205078125,0.07052803039550781,0.76171875,0.96875
reinforce_with_baseline,reinforce_with_baseline,4e-05,48,-0.000859023737575626,0.2470703125,0.058081626892089844,0.6484375,0.90625
reinforce_with_baseline,reinforce_with_baseline,4e-05,49,-0.002555724766352796,0.275390625,0.050055503845214844,0.68359375,0.97265625
reinforce_with_baseline,reinforce_with_baseline,4e-05,50,-0.00450283320788003,0.208984375,0.055809974670410156,0.7421875,0.9453125
reinforce_with_baseline,reinforce_with_baseline,4e-05,51,-0.0016673892741891905,0.1591796875,0.04726696014404297,0.78125,0.9375
reinforce_with_baseline,reinforce_with_baseline,4e-05,52,-0.00018596088830236113,0.2265625,0.045445919036865234,0.77734375,0.9375
reinforce_with_baseline,reinforce_with_baseline,4e-05,53,-0.0026746812604869774,0.263671875,0.04293680191040039,0.7890625,0.92578125
reinforce_with_baseline,reinforce_with_baseline,4e-05,54,-0.004017804009890824,0.486328125,0.04177141189575195,0.6484375,0.97265625
reinforce_with_baseline,reinforce_with_baseline,4e-05,55,0.0006238513979042182,0.337890625,0.03777360916137695,0.796875,0.98828125
reinforce_with_baseline,reinforce_with_baseline,4e-05,56,-0.0020506509354163427,0.27734375,0.04617476463317871,0.62890625,0.875
reinforce_with_baseline,reinforce_with_baseline,4e-05,57,-0.0007873386275605299,0.4140625,0.03469967842102051,0.77734375,0.9609375
reinforce_with_baseline,reinforce_with_baseline,4e-05,58,-0.0012719514234049711,0.2470703125,0.04561424255371094,0.7265625,0.9296875
reinforce_with_baseline,reinforce_with_baseline,4e-05,59,-0.001181464964247425,0.255859375,0.03160810470581055,0.76171875,0.9296875
reinforce_with_baseline,reinforce_with_baseline,4e-05,60,-0.0014578118398276274,0.1875,0.04005575180053711,0.5546875,0.92578125
reinforce_with_baseline,reinforce_with_baseline,4e-05,61,-0.0007713884306213004,0.177734375,0.03210735321044922,0.81640625,0.9609375
reinforce_with_baseline,reinforce_with_baseline,4e-05,62,-0.0003884011966874823,0.326171875,0.03622746467590332,0.76171875,0.9609375
reinforce_with_baseline,reinforce_with_baseline,4e-05,63,-0.0007361548850894906,0.35546875,0.035521507263183594,0.75,0.9453125
reinforce_with_baseline,reinforce_with_baseline,4e-05,64,-0.001300159088714281,0.21875,0.03217315673828125,0.56640625,0.83984375
reinforce_with_baseline,reinforce_with_baseline,4e-05,65,-0.001998053546230949,0.271484375,0.03645515441894531,0.74609375,0.92578125
reinforce_with_baseline,reinforce_with_baseline,4e-05,66,-0.001747757221437496,0.13671875,0.03463029861450195,0.7734375,0.9453125
reinforce_with_baseline,reinforce_with_baseline,4e-05,67,-0.00013485195859175292,0.1845703125,0.037672996520996094,0.703125,0.85546875
reinforce_with_baseline,reinforce_with_baseline,4e-05,68,-0.003069237018280546,0.30078125,0.04004812240600586,0.70703125,0.9296875
reinforce_with_baseline,reinforce_with_baseline,4e-05,69,-0.0018924925270766835,0.21484375,0.03149986267089844,0.80078125,0.8984375
reinforce_with_baseline,reinforce_with_baseline,4e-05,70,-0.0011349623655405594,0.181640625,0.03603410720825195,0.6875,0.86328125
reinforce_with_baseline,reinforce_with_baseline,4e-05,71,-0.0006428612823583535,0.16015625,0.05403757095336914,0.4921875,0.80078125
reinforce_with_baseline,reinforce_with_baseline,4e-05,72,-4.572157877191785e-05,0.1396484375,0.04115915298461914,0.7421875,0.8203125
reinforce_with_baseline,reinforce_with_baseline,4e-05,73,-0.0006356361745929462,0.228515625,0.03616619110107422,0.6875,0.89453125
reinforce_with_baseline,reinforce_with_baseline,4e-05,74,-0.00037372837323346175,0.185546875,0.035452842712402344,0.71484375,0.828125
reinforce_with_baseline,reinforce_with_baseline,4e-05,75,-0.0011214617588848341,0.19921875,0.02372455596923828,0.83984375,0.89453125
reinforce_with_baseline,reinforce_with_baseline,4e-05,76,-0.0004871408218605211,0.1630859375,0.02623748779296875,0.78125,0.890625
reinforce_with_baseline,reinforce_with_baseline,4e-05,77,-0.00046625223876617383,0.1259765625,0.030996322631835938,0.6015625,0.8125
reinforce_with_baseline,reinforce_with_baseline,4e-05,78,0.0005227311958151404,0.20703125,0.033640384674072266,0.75390625,0.90234375
reinforce_with_baseline,reinforce_with_baseline,4e-05,79,-0.0006779276236557052,0.1884765625,0.027295589447021484,0.76171875,0.8671875
reinforce_with_baseline,reinforce_with_baseline,4e-05,80,-0.0003904743516613962,0.2099609375,0.03369283676147461,0.7265625,0.91796875
reinforce_with_baseline,reinforce_with_baseline,4e-05,81,1.4760125850443728e-05,0.17578125,0.033429861068725586,0.72265625,0.87890625
reinforce_with_baseline,reinforce_with_baseline,4e-05,82,0.0005611192664218834,0.1767578125,0.030576229095458984,0.75390625,0.91796875
reinforce_with_baseline,reinforce_with_baseline,4e-05,83,-9.456130010221386e-05,0.134765625,0.03067636489868164,0.76953125,0.890625
reinforce_with_baseline,reinforce_with_baseline,4e-05,84,-0.000577778090701031,0.2060546875,0.03218984603881836,0.5546875,0.8359375
reinforce_with_baseline,reinforce_with_baseline,4e-05,85,-0.0004991957650872791,0.166015625,0.022977590560913086,0.71484375,0.91796875
reinforce_with_baseline,reinforce_with_baseline,4e-05,86,-0.00015174201917034225,0.15625,0.021747827529907227,0.75,0.90625
reinforce_with_baseline,reinforce_with_baseline,4e-05,87,0.0001727872831907007,0.1650390625,0.020128250122070312,0.87109375,0.96875
reinforce_with_baseline,reinforce_with_baseline,4e-05,88,-0.0027126093409606256,0.2275390625,0.031212806701660156,0.74609375,0.921875
reinforce_with_baseline,reinforce_with_baseline,4e-05,89,-0.00010429531175759621,0.15234375,0.03150177001953125,0.81640625,0.94921875
reinforce_with_baseline,reinforce_with_baseline,4e-05,90,-0.0008488787607348058,0.12890625,0.020700454711914062,0.89453125,0.95703125
reinforce_with_baseline,reinforce_with_baseline,4e-05,91,0.0004314431707825861,0.17578125,0.028208494186401367,0.65234375,0.88671875
reinforce_with_baseline,reinforce_with_baseline,4e-05,92,-0.0010670907245184935,0.2275390625,0.03130030632019043,0.61328125,0.859375
reinforce_with_baseline,reinforce_with_baseline,4e-05,93,-0.000851535423862515,0.10693359375,0.022443294525146484,0.80078125,0.8984375
reinforce_with_baseline,reinforce_with_baseline,4e-05,94,-0.001068366920662811,0.2451171875,0.026359081268310547,0.76171875,0.875
reinforce_with_baseline,reinforce_with_baseline,4e-05,95,-0.001503794585914875,0.1865234375,0.024325847625732422,0.78515625,0.890625
reinforce_with_baseline,reinforce_with_baseline,4e-05,96,-0.0009630172967263206,0.212890625,0.025683879852294922,0.75,0.89453125
reinforce_with_baseline,reinforce_with_baseline,4e-05,97,-0.0014042359844097518,0.236328125,0.02749776840209961,0.71875,0.8984375
reinforce_with_baseline,reinforce_with_baseline,4e-05,98,-0.00030819470794085646,0.1494140625,0.023929119110107422,0.73828125,0.90625
reinforce_with_baseline,reinforce_with_baseline,4e-05,99,-0.001983524693059735,0.4453125,0.02566051483154297,0.78125,0.94140625
reinforce_with_baseline,reinforce_with_baseline,4e-05,100,-0.0011900079771294259,0.189453125,0.029870986938476562,0.73828125,0.90234375
reinforce_with_baseline,reinforce_with_baseline,4e-05,101,-0.0011060552942581126,0.150390625,0.030333518981933594,0.65625,0.8828125
reinforce_with_baseline,reinforce_with_baseline,4e-05,102,0.001273299336389755,0.216796875,0.0340728759765625,0.75390625,0.95703125
reinforce_with_baseline,reinforce_with_baseline,4e-05,103,0.0005691611286238185,0.171875,0.0322718620300293,0.7421875,0.9453125
reinforce_with_baseline,reinforce_with_baseline,4e-05,104,-0.002859722626453731,0.2119140625,0.031578779220581055,0.78125,0.97265625
reinforce_with_baseline,reinforce_with_baseline,4e-05,105,-0.0037176117020862876,0.251953125,0.034328460693359375,0.75390625,0.97265625
reinforce_with_baseline,reinforce_with_baseline,4e-05,106,-0.001451775802706834,0.203125,0.03336358070373535,0.76171875,0.97265625
reinforce_with_baseline,reinforce_with_baseline,4e-05,107,-0.0010120548504346516,0.1611328125,0.03129720687866211,0.7578125,0.95703125
reinforce_with_baseline,reinforce_with_baseline,4e-05,108,0.0008172153266059468,0.2265625,0.035626888275146484,0.65234375,0.94921875
reinforce_with_baseline,reinforce_with_baseline,4e-05,109,-0.0018810454639606178,0.205078125,0.03409099578857422,0.671875,0.96484375
reinforce_with_baseline,reinforce_with_baseline,4e-05,110,-0.004658167027628224,0.2734375,0.031051158905029297,0.7734375,0.95703125
reinforce_with_baseline,reinforce_with_baseline,4e-05,111,-0.0012144927568442654,0.24609375,0.032190799713134766,0.578125,0.91796875
reinforce_with_baseline,reinforce_with_baseline,4e-05,112,-0.0005783755486845621,0.154296875,0.027015209197998047,0.703125,0.91796875
reinforce_with_baseline,reinforce_with_baseline,4e-05,113,-0.0017389723630003573,0.2041015625,0.025835037231445312,0.7734375,0.953125
reinforce_with_baseline,reinforce_with_baseline,4e-05,114,-0.0011513400922922301,0.142578125,0.02473902702331543,0.7421875,0.921875
reinforce_with_baseline,reinforce_with_baseline,4e-05,115,-0.0003298795490991324,0.2294921875,0.029997825622558594,0.7265625,0.921875
reinforce_with_baseline,reinforce_with_baseline,4e-05,116,-0.00127257682288473,0.2373046875,0.027776718139648438,0.64453125,0.8671875
reinforce_with_baseline,reinforce_with_baseline,4e-05,117,-0.00034705662437772844,0.1513671875,0.027241230010986328,0.7890625,0.9296875
reinforce_with_baseline,reinforce_with_baseline,4e-05,118,0.0006790675888623809,0.224609375,0.026214599609375,0.71875,0.91015625
reinforce_with_baseline,reinforce_with_baseline,4e-05,119,-0.00045581500216940185,0.171875,0.02619647979736328,0.77734375,0.9296875
reinforce_with_baseline,reinforce_with_baseline,4e-05,120,-0.0020454539935599314,0.166015625,0.035262107849121094,0.6015625,0.921875
reinforce_with_baseline,reinforce_with_baseline,4e-05,121,-0.0019884812827513088,0.1591796875,0.028631210327148438,0.7421875,0.859375
reinforce_with_baseline,reinforce_with_baseline,4e-05,122,-0.0006183968916957383,0.1796875,0.027100563049316406,0.5234375,0.859375
reinforce_with_baseline,reinforce_with_baseline,4e-05,123,-0.00032800541339383926,0.1396484375,0.02596426010131836,0.66796875,0.82421875
reinforce_with_baseline,reinforce_with_baseline,4e-05,124,-0.0015997679529391462,0.1376953125,0.02181243896484375,0.8984375,0.96875
reinforce_with_baseline,reinforce_with_baseline,4e-05,125,-0.00067366395433055,0.166015625,0.026417016983032227,0.75,0.89453125
reinforce_with_baseline,reinforce_with_baseline,4e-05,126,-0.0009796146584903909,0.1806640625,0.02551722526550293,0.80078125,0.91796875
reinforce_with_baseline,reinforce_with_baseline,4e-05,127,0.0007519396203861106,0.10302734375,0.03102588653564453,0.703125,0.8828125
reinforce_with_baseline,reinforce_with_baseline,4e-05,128,0.0009398200954819913,0.2216796875,0.028890132904052734,0.73046875,0.8671875
reinforce_with_baseline,reinforce_with_baseline,4e-05,129,-0.0019774080737988697,0.240234375,0.027611732482910156,0.7421875,0.90234375
reinforce_with_baseline,reinforce_with_baseline,4e-05,130,0.00022120055564300856,0.1806640625,0.02827739715576172,0.75390625,0.890625
reinforce_with_baseline,reinforce_with_baseline,4e-05,131,0.0002928361009253422,0.1513671875,0.03216075897216797,0.69921875,0.859375
reinforce_with_baseline,reinforce_with_baseline,4e-05,132,-0.0013558145028582658,0.25390625,0.0285491943359375,0.78125,0.921875
reinforce_with_baseline,reinforce_with_baseline,4e-05,133,-0.0005098022120364476,0.1494140625,0.028342008590698242,0.76953125,0.953125
reinforce_with_baseline,reinforce_with_baseline,4e-05,134,-0.0005976692409603857,0.1787109375,0.030677318572998047,0.73046875,0.94140625
reinforce_with_baseline,reinforce_with_baseline,4e-05,135,-0.0002935641109615972,0.189453125,0.025841474533081055,0.77734375,0.90625
reinforce_with_baseline,reinforce_with_baseline,4e-05,136,-7.850095244066324e-05,0.138671875,0.023457050323486328,0.796875,0.90234375
reinforce_with_baseline,reinforce_with_baseline,4e-05,137,-0.0008265920059784548,0.205078125,0.0315093994140625,0.7421875,0.92578125
reinforce_with_baseline,reinforce_with_baseline,4e-05,138,-0.00021300820571923396,0.134765625,0.024770736694335938,0.83984375,0.921875
reinforce_with_baseline,reinforce_with_baseline,4e-05,139,-0.00084263195276435,0.1337890625,0.029431819915771484,0.7890625,0.94921875
reinforce_with_baseline,reinforce_with_baseline,4e-05,140,-0.0008230017065216089,0.1376953125,0.041222572326660156,0.59765625,0.82421875
reinforce_with_baseline,reinforce_with_baseline,4e-05,141,-0.0003877763710988802,0.13671875,0.03053569793701172,0.7734375,0.8828125
reinforce_with_baseline,reinforce_with_baseline,4e-05,142,-0.0004807278801308712,0.10791015625,0.036762237548828125,0.7578125,0.890625
reinforce_with_baseline,reinforce_with_baseline,4e-05,143,-0.002164852898204117,0.205078125,0.03135824203491211,0.8203125,0.88671875
reinforce_with_baseline,reinforce_with_baseline,4e-05,144,0.0003604951516535948,0.138671875,0.040552616119384766,0.68359375,0.86328125
reinforce_with_baseline,reinforce_with_baseline,4e-05,145,-0.0008750254382903222,0.1513671875,0.044293880462646484,0.7265625,0.92578125
reinforce_with_baseline,reinforce_with_baseline,4e-05,146,-0.0006755782196705695,0.0947265625,0.03577613830566406,0.70703125,0.87890625
reinforce_with_baseline,reinforce_with_baseline,4e-05,147,-0.0015596493749399087,0.205078125,0.04735898971557617,0.6640625,0.84765625
reinforce_with_baseline,reinforce_with_baseline,4e-05,148,-4.901188913208898e-05,0.1220703125,0.030434131622314453,0.765625,0.90234375
reinforce_with_baseline,reinforce_with_baseline,4e-05,149,-0.0008571450071030995,0.14453125,0.044022560119628906,0.66796875,0.84765625
reinforce_with_baseline,reinforce_with_baseline,4e-05,150,0.0012617027496162336,0.1630859375,0.03920745849609375,0.703125,0.90625
reinforce_with_baseline,reinforce_with_baseline,4e-05,151,-0.0005214004054323595,0.2109375,0.0267791748046875,0.734375,0.953125
reinforce_with_baseline,reinforce_with_baseline,4e-05,152,-0.0005800285416626139,0.2001953125,0.03696632385253906,0.72265625,0.90234375
reinforce_with_baseline,reinforce_with_baseline,4e-05,153,-0.0003654817664937582,0.11181640625,0.029487133026123047,0.8359375,0.94921875
reinforce_with_baseline,reinforce_with_baseline,4e-05,154,0.00011903204176633153,0.169921875,0.02963399887084961,0.80078125,0.91015625
reinforce_with_baseline,reinforce_with_baseline,4e-05,155,0.0006497715417026484,0.1943359375,0.02892017364501953,0.7109375,0.9140625
reinforce_with_baseline,reinforce_with_baseline,4e-05,156,-0.0020763990351042594,0.302734375,0.03304004669189453,0.86328125,0.96875
reinforce_with_baseline,reinforce_with_baseline,4e-05,157,0.0008792703210929176,0.2001953125,0.027647972106933594,0.6171875,0.828125
reinforce_with_baseline,reinforce_with_baseline,4e-05,158,-0.0003808256706179236,0.16796875,0.024851083755493164,0.8046875,0.9609375
reinforce_with_baseline,reinforce_with_baseline,4e-05,159,0.0006584486618521623,0.1396484375,0.02756476402282715,0.65625,0.87890625
reinforce_with_baseline,reinforce_with_baseline,4e-05,160,-0.0002471616671755328,0.0947265625,0.03240537643432617,0.58984375,0.8515625
reinforce_with_baseline,reinforce_with_baseline,4e-05,161,0.0001808654951673816,0.130859375,0.02669382095336914,0.77734375,0.8984375
reinforce_with_baseline,reinforce_with_baseline,4e-05,162,-0.001074430699190998,0.1669921875,0.03410530090332031,0.83203125,0.96484375
reinforce_with_baseline,reinforce_with_baseline,4e-05,163,-0.000964771489634586,0.11669921875,0.029120922088623047,0.8046875,0.90234375
reinforce_with_baseline,reinforce_with_baseline,4e-05,164,-0.0007465454855264397,0.150390625,0.03741288185119629,0.66015625,0.84375
reinforce_with_baseline,reinforce_with_baseline,4e-05,165,-0.0004363451480458025,0.185546875,0.041749000549316406,0.6796875,0.94921875
reinforce_with_baseline,reinforce_with_baseline,4e-05,166,-0.002113485278641747,0.185546875,0.03421449661254883,0.7734375,0.94921875
reinforce_with_baseline,reinforce_with_baseline,4e-05,167,0.0006155384326120839,0.130859375,0.024373531341552734,0.75390625,0.91015625
reinforce_with_baseline,reinforce_with_baseline,4e-05,168,-0.00019124276332149748,0.1728515625,0.031003475189208984,0.765625,0.96484375
reinforce_with_baseline,reinforce_with_baseline,4e-05,169,0.0005710842033295194,0.11865234375,0.027704954147338867,0.8203125,0.96875
reinforce_with_baseline,reinforce_with_baseline,4e-05,170,-0.0028844529997513746,0.703125,0.03133964538574219,0.734375,0.94921875
reinforce_with_baseline,reinforce_with_baseline,4e-05,171,0.00012560442337417044,0.1318359375,0.034487009048461914,0.84765625,0.98046875
reinforce_with_baseline,reinforce_with_baseline,4e-05,172,-0.0002306836086063413,0.1474609375,0.03173398971557617,0.8671875,0.984375
reinforce_with_baseline,reinforce_with_baseline,4e-05,173,-0.00035962134552391944,0.11181640625,0.028960227966308594,0.70703125,0.95703125
reinforce_with_baseline,reinforce_with_baseline,4e-05,174,-0.0017835330736488686,0.1748046875,0.028824806213378906,0.7421875,0.92578125
reinforce_with_baseline,reinforce_with_baseline,4e-05,175,-0.00046303211092890706,0.19140625,0.03357076644897461,0.69921875,0.91015625
reinforce_with_baseline,reinforce_with_baseline,4e-05,176,-0.0016865148299984867,0.2158203125,0.03928399085998535,0.73828125,0.93359375
reinforce_with_baseline,reinforce_with_baseline,4e-05,177,-0.0007690482721045555,0.12255859375,0.04218435287475586,0.6640625,0.89453125
reinforce_with_baseline,reinforce_with_baseline,4e-05,178,-0.0013494233553501545,0.1220703125,0.0375370979309082,0.7265625,0.91796875
reinforce_with_baseline,reinforce_with_baseline,4e-05,179,-0.0007604734128108248,0.09814453125,0.038394927978515625,0.77734375,0.97265625
reinforce_with_baseline,reinforce_with_baseline,4e-05,180,-0.0013749505906162085,0.154296875,0.036075592041015625,0.7890625,0.95703125
reinforce_with_baseline,reinforce_with_baseline,4e-05,181,-0.000482173833916022,0.115234375,0.036122798919677734,0.69140625,0.8984375
reinforce_with_baseline,reinforce_with_baseline,4e-05,182,-0.0011782139299612027,0.1376953125,0.03515005111694336,0.796875,0.9453125
reinforce_with_baseline,reinforce_with_baseline,4e-05,183,-0.0009137207871390274,0.1416015625,0.02650165557861328,0.86328125,0.96875
reinforce_with_baseline,reinforce_with_baseline,4e-05,184,0.0004244231095071882,0.076171875,0.030692577362060547,0.7890625,0.92578125
reinforce_with_baseline,reinforce_with_baseline,4e-05,185,0.0002217838723481691,0.12060546875,0.030039310455322266,0.89453125,0.9921875
reinforce_with_baseline,reinforce_with_baseline,4e-05,186,-0.0005168991856407956,0.115234375,0.027619600296020508,0.8125,0.92578125
reinforce_with_baseline,reinforce_with_baseline,4e-05,187,-0.0010904584887612145,0.08935546875,0.025596141815185547,0.90234375,0.984375
reinforce_with_baseline,reinforce_with_baseline,4e-05,188,0.000304721987049561,0.189453125,0.028296709060668945,0.75390625,0.93359375
reinforce_with_baseline,reinforce_with_baseline,4e-05,189,-0.003380773936441983,0.1494140625,0.02469635009765625,0.78125,0.9296875
reinforce_with_baseline,reinforce_with_baseline,4e-05,190,-0.0018389425258646952,0.1220703125,0.029322147369384766,0.77734375,0.92578125
reinforce_with_baseline,reinforce_with_baseline,4e-05,191,-0.00041095155575021636,0.1484375,0.023627281188964844,0.81640625,0.9609375
reinforce_with_baseline,reinforce_with_baseline,4e-05,192,5.148345917405095e-05,0.1259765625,0.01903533935546875,0.90234375,0.97265625
reinforce_with_baseline,reinforce_with_baseline,4e-05,193,0.0005856590196344769,0.1533203125,0.02893686294555664,0.828125,0.98828125
reinforce_with_baseline,reinforce_with_baseline,4e-05,194,0.0002119726800628996,0.181640625,0.02439117431640625,0.74609375,0.87890625
reinforce_with_baseline,reinforce_with_baseline,4e-05,195,-0.0006167966821521986,0.1533203125,0.025825977325439453,0.69140625,0.9140625
reinforce_with_baseline,reinforce_with_baseline,4e-05,196,0.000590571525208361,0.1298828125,0.027758359909057617,0.6328125,0.859375
reinforce_with_baseline,reinforce_with_baseline,4e-05,197,0.000324155813359539,0.1611328125,0.026080608367919922,0.77734375,0.91015625
reinforce_with_baseline,reinforce_with_baseline,4e-05,198,0.0001928529527503997,0.2470703125,0.02611064910888672,0.72265625,0.91796875
reinforce_with_baseline,reinforce_with_baseline,4e-05,199,0.000181798992343829,0.1259765625,0.02330160140991211,0.6640625,0.875
reinforce_with_baseline,reinforce_with_baseline,4e-05,200,-0.0005381013343139784,0.1357421875,0.023288726806640625,0.80859375,0.94140625
no_baseline,no_baseline,4e-05,1,0.010709066060371697,0.1015625,0.923675537109375,0.015625,0.1796875
no_baseline,no_baseline,4e-05,2,0.06666916811082046,0.82421875,0.4340362548828125,0.2421875,0.84765625
no_baseline,no_baseline,4e-05,3,0.08332779302145354,2.390625,0.37717437744140625,0.25,0.9140625
no_baseline,no_baseline,4e-05,4,0.05182756990689086,2.015625,0.4167518615722656,0.1875,0.96875
no_baseline,no_baseline,4e-05,5,0.04697546530223917,1.3828125,0.57415771484375,0.15625,0.94921875
no_baseline,no_baseline,4e-05,6,0.07654492108849809,0.9375,0.7617874145507812,0.1640625,0.8359375
no_baseline,no_baseline,4e-05,7,0.10833758415537886,1.34375,0.5929412841796875,0.25390625,0.90234375
no_baseline,no_baseline,4e-05,8,0.07701725921651814,1.4375,0.636383056640625,0.2421875,0.921875
no_baseline,no_baseline,4e-05,9,0.04365570483787451,1.375,0.5761795043945312,0.16015625,0.95703125
no_baseline,no_baseline,4e-05,10,0.08372162189334631,1.75,0.5282363891601562,0.23828125,0.98046875
no_baseline,no_baseline,4e-05,11,0.037343706033425406,1.2109375,0.44391632080078125,0.19140625,1.0
no_baseline,no_baseline,4e-05,12,0.053241894420352764,1.53125,0.40502166748046875,0.21484375,0.99609375
no_baseline,no_baseline,4e-05,13,0.07225139294314431,2.28125,0.3447380065917969,0.34765625,1.0
no_baseline,no_baseline,4e-05,14,0.05124626916949637,1.375,0.2386932373046875,0.30859375,1.0
no_baseline,no_baseline,4e-05,15,0.019600087820435874,0.69140625,0.3720855712890625,0.0859375,1.0
no_baseline,no_baseline,4e-05,16,0.022558224911335856,1.140625,0.3238677978515625,0.1328125,1.0
no_baseline,no_baseline,4e-05,17,0.020530057849100558,1.21875,0.2672462463378906,0.19921875,1.0
no_baseline,no_baseline,4e-05,18,0.0147948771918891,1.09375,0.2837505340576172,0.1953125,1.0
no_baseline,no_baseline,4e-05,19,0.027240348117629765,0.80859375,0.19662094116210938,0.34375,0.99609375
no_baseline,no_baseline,4e-05,20,0.01617798195729847,0.61328125,0.23343276977539062,0.26953125,1.0
no_baseline,no_baseline,4e-05,21,0.016816705758174066,0.68359375,0.17879867553710938,0.26171875,1.0
no_baseline,no_baseline,4e-05,22,0.015051840431624441,1.0078125,0.22530746459960938,0.2265625,1.0
no_baseline,no_baseline,4e-05,23,0.016505717248946894,0.78515625,0.24225616455078125,0.19921875,1.0
no_baseline,no_baseline,4e-05,24,0.022335200559609802,0.921875,0.2512397766113281,0.26953125,0.99609375
no_baseline,no_baseline,4e-05,25,0.020029905026603956,0.9296875,0.2211151123046875,0.2109375,1.0
no_baseline,no_baseline,4e-05,26,0.01948851503766491,1.34375,0.20622634887695312,0.25,1.0
no_baseline,no_baseline,4e-05,27,0.020312980352173327,0.671875,0.20696640014648438,0.25,1.0
no_baseline,no_baseline,4e-05,28,0.034882430689322064,0.9765625,0.23390960693359375,0.3828125,1.0
no_baseline,no_baseline,4e-05,29,0.041783192220464116,1.421875,0.3208045959472656,0.3515625,0.9453125
no_baseline,no_baseline,4e-05,30,0.040292414341820404,0.921875,0.38840484619140625,0.24609375,0.96875
no_baseline,no_baseline,4e-05,31,0.05436829161772039,1.1953125,0.4111785888671875,0.3203125,0.953125
no_baseline,no_baseline,4e-05,32,0.044441959689720534,1.9375,0.33242034912109375,0.41015625,0.96875
no_baseline,no_baseline,4e-05,33,0.05379776122572366,1.6171875,0.2888755798339844,0.3984375,0.96484375
no_baseline,no_baseline,4e-05,34,0.04418610382708721,1.34375,0.434478759765625,0.30078125,0.91015625
no_baseline,no_baseline,4e-05,35,0.08627715264447033,1.3046875,0.5658502578735352,0.25,0.81640625
no_baseline,no_baseline,4e-05,36,0.08768482803134248,0.91015625,0.6136884689331055,0.15625,0.69921875
no_baseline,no_baseline,4e-05,37,0.120203388039954,1.296875,0.8101358413696289,0.1484375,0.6875
no_baseline,no_baseline,4e-05,38,0.08772726778988726,1.0390625,0.8180503845214844,0.13671875,0.70703125
no_baseline,no_baseline,4e-05,39,0.1480514419672545,1.8046875,0.7601776123046875,0.26953125,0.76953125
no_baseline,no_baseline,4e-05,40,0.08514555677538738,1.359375,0.875152587890625,0.1484375,0.734375
no_baseline,no_baseline,4e-05,41,0.13959944830276072,1.8828125,1.03955078125,0.2421875,0.77734375
no_baseline,no_baseline,4e-05,42,0.040672688803169876,1.2890625,0.6570358276367188,0.2265625,0.79296875
no_baseline,no_baseline,4e-05,43,0.04130876155977603,0.984375,0.5037307739257812,0.3046875,0.80078125
no_baseline,no_baseline,4e-05,44,0.09142956387950107,2.078125,0.44477081298828125,0.2890625,0.8515625
no_baseline,no_baseline,4e-05,45,0.0654224022582639,1.15625,0.7522392272949219,0.14453125,0.48046875
no_baseline,no_baseline,4e-05,46,0.06968654636875726,1.3359375,0.4881591796875,0.1796875,0.91015625
no_baseline,no_baseline,4e-05,47,0.10063342499779537,1.4921875,0.573089599609375,0.27734375,0.921875
no_baseline,no_baseline,4e-05,48,0.06899626772792544,1.140625,0.6008987426757812,0.16796875,0.82421875
no_baseline,no_baseline,4e-05,49,0.11231538615538739,1.53125,0.522430419921875,0.28125,0.97265625
no_baseline,no_baseline,4e-05,50,0.09587355123949237,1.71875,0.49541473388671875,0.3515625,0.9296875
no_baseline,no_baseline,4e-05,51,0.128096095926594,1.9921875,0.4445037841796875,0.4765625,0.94921875
no_baseline,no_baseline,4e-05,52,0.03189592114358675,1.078125,0.330078125,0.203125,0.97265625
no_baseline,no_baseline,4e-05,53,0.044379815975844394,1.1484375,0.22132110595703125,0.3359375,0.97265625
no_baseline,no_baseline,4e-05,54,0.023202602162200492,0.72265625,0.22766876220703125,0.203125,0.9765625
no_baseline,no_baseline,4e-05,55,0.040722924619331025,0.8984375,0.29232025146484375,0.21875,0.9296875
no_baseline,no_baseline,4e-05,56,0.04466465448786039,1.0234375,0.350830078125,0.35546875,0.91015625
no_baseline,no_baseline,4e-05,57,0.03952158481115475,1.4453125,0.31345367431640625,0.3046875,0.90234375
no_baseline,no_baseline,4e-05,58,0.03221361862961203,1.15625,0.34832239151000977,0.24609375,0.90234375
no_baseline,no_baseline,4e-05,59,0.0209614555205917,0.9140625,0.3190007209777832,0.140625,0.86328125
no_baseline,no_baseline,4e-05,60,0.04577119192981627,1.65625,0.24944210052490234,0.26953125,0.921875
no_baseline,no_baseline,4e-05,61,0.013616839989481377,0.94921875,0.2231597900390625,0.2421875,0.9765625
no_baseline,no_baseline,4e-05,62,0.04342625689787383,1.3828125,0.30617618560791016,0.3359375,0.9296875
no_baseline,no_baseline,4e-05,63,0.028200142784044147,1.921875,0.40644073486328125,0.2734375,0.87109375
no_baseline,no_baseline,4e-05,64,0.05228099861051305,1.390625,0.33621978759765625,0.38671875,0.875
no_baseline,no_baseline,4e-05,65,0.01358330809398467,1.4375,0.18590164184570312,0.359375,0.91796875
no_baseline,no_baseline,4e-05,66,0.009509383047770825,1.2265625,0.16057205200195312,0.37109375,0.94140625
no_baseline,no_baseline,4e-05,67,0.00945700058764487,0.84765625,0.13870620727539062,0.28515625,0.94921875
no_baseline,no_baseline,4e-05,68,0.012947202852956252,0.92578125,0.12203216552734375,0.390625,1.0
no_baseline,no_baseline,4e-05,69,0.018196403453657695,0.63671875,0.15240097045898438,0.37890625,0.96484375
no_baseline,no_baseline,4e-05,70,0.01602041996375192,0.7421875,0.20040512084960938,0.33203125,0.9296875
no_baseline,no_baseline,4e-05,71,0.011459833982371492,0.66796875,0.19913864135742188,0.234375,0.9375
no_baseline,no_baseline,4e-05,72,0.007257714895786194,0.48828125,0.17270660400390625,0.30078125,0.9921875
no_baseline,no_baseline,4e-05,73,0.010678177932277322,0.8671875,0.13666534423828125,0.34375,1.0
no_baseline,no_baseline,4e-05,74,0.026769321401843627,1.046875,0.13814163208007812,0.34765625,0.99609375
no_baseline,no_baseline,4e-05,75,0.05322908691232442,1.0859375,0.23629379272460938,0.4609375,0.9765625
no_baseline,no_baseline,4e-05,76,0.18727293642587028,3.484375,0.502655029296875,0.546875,0.90625
no_baseline,no_baseline,4e-05,77,0.07470942552026827,1.46875,0.44657135009765625,0.34375,0.90234375
no_baseline,no_baseline,4e-05,78,0.07280285641172668,1.25,0.37171173095703125,0.32421875,0.88671875
no_baseline,no_baseline,4e-05,79,0.07105688877345528,1.4140625,0.3772430419921875,0.296875,0.953125
no_baseline,no_baseline,4e-05,80,0.09838499990291893,1.28125,0.38802337646484375,0.40625,0.98046875
no_baseline,no_baseline,4e-05,81,0.09439511685923208,1.28125,0.6810302734375,0.32421875,0.84375
no_baseline,no_baseline,4e-05,82,0.11650133124203421,1.546875,0.6712493896484375,0.3046875,0.8359375
no_baseline,no_baseline,4e-05,83,0.14812284510117024,1.890625,0.713653564453125,0.37890625,0.859375
no_baseline,no_baseline,4e-05,84,0.1284337895049248,1.375,0.6835556030273438,0.23046875,0.86328125
no_baseline,no_baseline,4e-05,85,0.19519350811606273,2.015625,0.765167236328125,0.27734375,0.80859375
no_baseline,no_baseline,4e-05,86,0.15887674744590186,2.53125,0.6551971435546875,0.3828125,0.890625
no_baseline,no_baseline,4e-05,87,0.04666891793021932,1.71875,0.5544586181640625,0.17578125,0.87890625
no_baseline,no_baseline,4e-05,88,0.043436622552690096,1.640625,0.35100555419921875,0.25390625,0.9375
no_baseline,no_baseline,4e-05,89,0.10914413130376488,1.1171875,0.63507080078125,0.28125,0.84765625
no_baseline,no_baseline,4e-05,90,0.09106269295443781,1.9375,0.5800704956054688,0.328125,0.9453125
no_baseline,no_baseline,4e-05,91,0.1355467686371412,1.921875,0.6360092163085938,0.33984375,0.9375
no_baseline,no_baseline,4e-05,92,0.194814065049286,2.078125,0.7150421142578125,0.27734375,0.86328125
no_baseline,no_baseline,4e-05,93,0.21343939330836292,1.984375,1.1255950927734375,0.26953125,0.86328125
no_baseline,no_baseline,4e-05,94,0.26510739731020294,1.8203125,1.7513351440429688,0.26953125,0.7734375
no_baseline,no_baseline,4e-05,95,0.35535297109163366,1.8125,1.7334976196289062,0.265625,0.828125
no_baseline,no_baseline,4e-05,96,0.2633018868218642,1.6171875,1.6267776489257812,0.234375,0.86328125
no_baseline,no_baseline,4e-05,97,0.2583070101973135,2.015625,1.050201416015625,0.296875,0.8671875
no_baseline,no_baseline,4e-05,98,0.27298619838256855,2.328125,0.8612899780273438,0.42578125,0.9296875
no_baseline,no_baseline,4e-05,99,0.08372016141947825,1.4765625,0.4367561340332031,0.3203125,0.9609375
no_baseline,no_baseline,4e-05,100,0.07302134681594907,1.328125,0.3348884582519531,0.41796875,0.9921875
no_baseline,no_baseline,4e-05,101,0.01786493798590527,0.81640625,0.3036231994628906,0.16015625,0.89453125
no_baseline,no_baseline,4e-05,102,0.14351094471203396,1.265625,0.8321495056152344,0.3828125,0.8125
no_baseline,no_baseline,4e-05,103,0.05358175313449465,0.58203125,2.3101806640625,0.05078125,0.2734375
no_baseline,no_baseline,4e-05,104,0.019077166318311356,1.7109375,2.3318252563476562,0.109375,0.44140625
no_baseline,no_baseline,4e-05,105,0.08343032895027136,1.328125,1.0564384460449219,0.35546875,0.8671875
no_baseline,no_baseline,4e-05,106,0.1155064946397033,3.953125,0.4159812927246094,0.4921875,0.9765625
no_baseline,no_baseline,4e-05,107,0.0030920008102839347,0.80859375,0.11024856567382812,0.3515625,0.99609375
no_baseline,no_baseline,4e-05,108,0.0034796745821950026,1.453125,0.09956645965576172,0.3125,1.0
no_baseline,no_baseline,4e-05,109,0.006541895721966284,0.69140625,0.15355682373046875,0.203125,1.0
no_baseline,no_baseline,4e-05,110,0.056074145575621515,1.703125,0.23016738891601562,0.36328125,0.9921875
no_baseline,no_baseline,4e-05,111,0.0536542861846101,1.2421875,0.358551025390625,0.23046875,0.9765625
no_baseline,no_baseline,4e-05,112,0.12231511274876539,3.078125,0.42058563232421875,0.43359375,0.98828125
no_baseline,no_baseline,4e-05,113,0.07166425365721807,2.34375,0.38250732421875,0.3828125,0.98828125
no_baseline,no_baseline,4e-05,114,0.10039931653955136,1.6015625,0.39544677734375,0.265625,0.984375
no_baseline,no_baseline,4e-05,115,0.1026497771636059,2.359375,0.5221099853515625,0.328125,0.9765625
no_baseline,no_baseline,4e-05,116,0.15071247011655942,2.25,0.7163238525390625,0.34765625,0.94140625
no_baseline,no_baseline,4e-05,117,0.16447958651406225,1.890625,0.960357666015625,0.3203125,0.9140625
no_baseline,no_baseline,4e-05,118,0.19869789358926937,1.640625,1.4825286865234375,0.171875,0.49609375
no_baseline,no_baseline,4e-05,119,0.2206984904478304,1.859375,1.3805694580078125,0.18359375,0.64453125
no_baseline,no_baseline,4e-05,120,0.2207172528724186,2.125,1.1387939453125,0.25,0.80078125
no_baseline,no_baseline,4e-05,121,0.1722804968158016,2.09375,0.746002197265625,0.26953125,0.91015625
no_baseline,no_baseline,4e-05,122,0.060391569961211644,1.0390625,0.5020904541015625,0.16015625,0.96484375
no_baseline,no_baseline,4e-05,123,0.02983922478506429,1.921875,0.2376384735107422,0.30078125,0.9375
no_baseline,no_baseline,4e-05,124,0.1157010245588026,2.890625,0.36847686767578125,0.359375,0.7421875
no_baseline,no_baseline,4e-05,125,0.05651664541073842,1.4765625,0.334259033203125,0.1640625,0.75
no_baseline,no_baseline,4e-05,126,0.06719414720100758,1.4609375,0.19780731201171875,0.38671875,0.9375
no_baseline,no_baseline,4e-05,127,0.07322347376612015,1.8671875,0.3601493835449219,0.23046875,0.94921875
no_baseline,no_baseline,4e-05,128,0.12610086266795406,3.71875,0.47631072998046875,0.31640625,0.953125
no_baseline,no_baseline,4e-05,129,0.03564358859875938,1.7578125,0.23115921020507812,0.3984375,0.9921875
no_baseline,no_baseline,4e-05,130,0.03304465578548843,1.7109375,0.24339675903320312,0.33203125,0.99609375
no_baseline,no_baseline,4e-05,131,0.004441627224878175,0.8515625,0.14687347412109375,0.2734375,0.98828125
no_baseline,no_baseline,4e-05,132,0.022595441243538517,1.5859375,0.13624191284179688,0.34375,0.984375
no_baseline,no_baseline,4e-05,133,0.05434888546005823,1.71875,0.3598480224609375,0.3671875,0.86328125
no_baseline,no_baseline,4e-05,134,0.05494648374951794,1.890625,0.2660560607910156,0.30859375,0.78125
no_baseline,no_baseline,4e-05,135,0.05735826844465919,1.484375,0.2845497131347656,0.26953125,0.73046875
no_baseline,no_baseline,4e-05,136,0.09503053680236917,1.1640625,0.31560802459716797,0.28125,0.890625
no_baseline,no_baseline,4e-05,137,0.07903738072491251,1.2109375,0.3696441650390625,0.30078125,0.8984375
no_baseline,no_baseline,4e-05,138,0.10255415449501015,1.671875,0.360595703125,0.484375,0.98828125
no_baseline,no_baseline,4e-05,139,0.0867381821735762,1.6171875,0.481903076171875,0.2890625,0.9765625
no_baseline,no_baseline,4e-05,140,0.0851780133380089,1.6953125,0.5122451782226562,0.2421875,0.9296875
no_baseline,no_baseline,4e-05,141,0.1378598618612159,2.75,0.4677696228027344,0.47265625,0.97265625
no_baseline,no_baseline,4e-05,142,0.07153378412476741,1.5234375,0.320159912109375,0.38671875,0.98828125
no_baseline,no_baseline,4e-05,143,0.057899010338587686,2.0625,0.3008613586425781,0.38671875,0.97265625
no_baseline,no_baseline,4e-05,144,0.015085856302903267,1.21875,0.15297698974609375,0.3046875,0.99609375
no_baseline,no_baseline,4e-05,145,0.005448235460789874,1.5,0.05317497253417969,0.32421875,1.0
no_baseline,no_baseline,4e-05,146,0.004771692591020837,1.1328125,0.07523918151855469,0.33203125,1.0
no_baseline,no_baseline,4e-05,147,0.012706502311630175,0.86328125,0.0728912353515625,0.32421875,1.0
no_baseline,no_baseline,4e-05,148,0.02057043058448471,1.5625,0.07927513122558594,0.44140625,1.0
no_baseline,no_baseline,4e-05,149,0.01621704106037214,1.6328125,0.11354637145996094,0.33984375,1.0
no_baseline,no_baseline,4e-05,150,0.014176821539876983,0.9140625,0.16450119018554688,0.21875,1.0
no_baseline,no_baseline,4e-05,151,0.027964983786660014,0.9296875,0.19491958618164062,0.234375,0.99609375
no_baseline,no_baseline,4e-05,152,0.04566156631335616,1.4140625,0.24395751953125,0.359375,1.0
no_baseline,no_baseline,4e-05,153,0.05453511539963074,2.0625,0.2322845458984375,0.42578125,0.98828125
no_baseline,no_baseline,4e-05,154,0.04500290989381028,1.2421875,0.2433791160583496,0.2890625,0.98828125
no_baseline,no_baseline,4e-05,155,0.0481357293392648,0.86328125,0.2030487060546875,0.390625,1.0
no_baseline,no_baseline,4e-05,156,0.05763443787873257,1.8828125,0.2807493209838867,0.359375,0.9609375
no_baseline,no_baseline,4e-05,157,0.07936076159239747,1.2421875,0.34403228759765625,0.3671875,0.94140625
no_baseline,no_baseline,4e-05,158,0.17135830366169102,1.8359375,0.7053871154785156,0.3515625,0.89453125
no_baseline,no_baseline,4e-05,159,0.17796865932177752,2.34375,0.5593681335449219,0.37890625,0.91015625
no_baseline,no_baseline,4e-05,160,0.025683288244181313,1.2421875,0.3401784896850586,0.14453125,0.80859375
no_baseline,no_baseline,4e-05,161,0.07767048744426575,4.0625,0.3327465057373047,0.28125,0.84375
no_baseline,no_baseline,4e-05,162,0.07050066752708517,1.390625,0.40921783447265625,0.24609375,0.9296875
no_baseline,no_baseline,4e-05,163,0.12050582174560986,1.9765625,0.42165374755859375,0.33203125,0.9453125
no_baseline,no_baseline,4e-05,164,0.0929473013675306,1.2890625,0.5151481628417969,0.234375,0.80078125
no_baseline,no_baseline,4e-05,165,0.18507769113057293,1.515625,0.6167221069335938,0.30078125,0.859375
no_baseline,no_baseline,4e-05,166,0.1070088867272716,3.125,0.6205940246582031,0.21875,0.828125
no_baseline,no_baseline,4e-05,167,0.23368544725235552,1.7265625,0.8365592956542969,0.34765625,0.86328125
no_baseline,no_baseline,4e-05,168,0.20182830840349197,1.28125,1.0297622680664062,0.23046875,0.859375
no_baseline,no_baseline,4e-05,169,0.31590761902043596,1.40625,1.12554931640625,0.28125,0.859375
no_baseline,no_baseline,4e-05,170,0.16079350479412824,1.03125,1.0546913146972656,0.1640625,0.7578125
no_baseline,no_baseline,4e-05,171,0.1685657569905743,1.109375,0.9075260162353516,0.1875,0.76953125
no_baseline,no_baseline,4e-05,172,0.26355959568172693,1.5234375,0.7659416198730469,0.21875,0.61328125
no_baseline,no_baseline,4e-05,173,0.2457320470130071,1.953125,0.6078357696533203,0.203125,0.6640625
no_baseline,no_baseline,4e-05,174,0.16315716513781808,1.203125,0.8210010528564453,0.203125,0.8828125
no_baseline,no_baseline,4e-05,175,0.2529818728507962,2.609375,0.6767387390136719,0.4140625,0.9765625
no_baseline,no_baseline,4e-05,176,0.09758794614754152,2.078125,0.4320831298828125,0.328125,0.9921875
no_baseline,no_baseline,4e-05,177,0.10507776022859616,1.7421875,0.30954742431640625,0.421875,0.9921875
no_baseline,no_baseline,4e-05,178,0.07692384417168796,1.5390625,0.2976531982421875,0.27734375,1.0
no_baseline,no_baseline,4e-05,179,0.07504749134386657,2.484375,0.3332481384277344,0.30078125,1.0
no_baseline,no_baseline,4e-05,180,0.06764023466166691,1.328125,0.3443870544433594,0.328125,0.94921875
no_baseline,no_baseline,4e-05,181,0.08225225748901721,1.7734375,0.30094146728515625,0.36328125,0.984375
no_baseline,no_baseline,4e-05,182,0.07481716053734999,2.5,0.26851463317871094,0.37109375,0.9921875
no_baseline,no_baseline,4e-05,183,0.019702043442521244,4.0625,0.1582660675048828,0.30078125,0.7734375
no_baseline,no_baseline,4e-05,184,0.018252305873829755,2.09375,0.1505126953125,0.22265625,1.0
no_baseline,no_baseline,4e-05,185,0.004144812968661427,0.80859375,0.07548713684082031,0.39453125,1.0
no_baseline,no_baseline,4e-05,186,0.03223882825932378,1.125,0.09199333190917969,0.55859375,1.0
no_baseline,no_baseline,4e-05,187,0.0534430819152476,1.8984375,0.1153717041015625,0.4375,0.99609375
no_baseline,no_baseline,4e-05,188,0.0702062346317689,3.5625,0.25579833984375,0.30078125,0.94921875
no_baseline,no_baseline,4e-05,189,0.20215782706509344,2.046875,0.5611572265625,0.359375,0.9140625
no_baseline,no_baseline,4e-05,190,0.21561999584082514,1.8984375,0.7204437255859375,0.3046875,0.90234375
no_baseline,no_baseline,4e-05,191,0.3867692284984514,2.203125,1.06219482421875,0.40625,0.90234375
no_baseline,no_baseline,4e-05,192,0.2510538659989834,1.6640625,1.1277008056640625,0.24609375,0.92578125
no_baseline,no_baseline,4e-05,193,0.36526243976550177,2.5,0.9118728637695312,0.359375,0.9375
no_baseline,no_baseline,4e-05,194,0.3592536561191082,2.046875,0.950592041015625,0.33203125,0.92578125
no_baseline,no_baseline,4e-05,195,0.36674939800286666,1.5703125,1.2233734130859375,0.2734375,0.82421875
no_baseline,no_baseline,4e-05,196,0.3157351091504097,1.46875,1.5352325439453125,0.1953125,0.83203125
no_baseline,no_baseline,4e-05,197,0.4975112690590322,1.421875,1.6776275634765625,0.2421875,0.66796875
no_baseline,no_baseline,4e-05,198,0.4970626877620816,1.3515625,2.0154266357421875,0.203125,0.66015625
no_baseline,no_baseline,4e-05,199,0.7500628964044154,1.6640625,2.347991943359375,0.26171875,0.75390625
no_baseline,no_baseline,4e-05,200,0.5903487796895206,1.421875,2.4541015625,0.2265625,0.8125
