run,loss_normalization,grpo_step,loss,grad_norm,token_entropy,train_answer_accuracy,train_format_accuracy
masked_mean,masked_mean,1,-0.007478122046450153,0.263671875,0.923675537109375,0.015625,0.1796875
masked_mean,masked_mean,2,-0.04090298879600596,1.7265625,0.3959197998046875,0.2109375,0.78125
masked_mean,masked_mean,3,-0.012850863538915291,1.8984375,0.2418365478515625,0.30859375,0.765625
masked_mean,masked_mean,4,-0.0279774360024021,1.34375,0.2631874084472656,0.3046875,0.83203125
masked_mean,masked_mean,5,-0.01564000658254372,0.95703125,0.25102996826171875,0.28515625,0.87109375
masked_mean,masked_mean,6,-0.003059819260670338,0.83203125,0.29869842529296875,0.27734375,0.85546875
masked_mean,masked_mean,7,-0.025119628102402203,0.91015625,0.30651092529296875,0.3828125,0.85546875
masked_mean,masked_mean,8,-0.015067455649841577,0.80078125,0.30216217041015625,0.3359375,0.9140625
masked_mean,masked_mean,9,-0.015654136579541955,0.7734375,0.2726402282714844,0.3828125,0.9296875
masked_mean,masked_mean,10,-0.029345786955673248,1.0234375,0.2892570495605469,0.38671875,0.9453125
masked_mean,masked_mean,11,-0.015246818453306332,1.1796875,0.20987701416015625,0.3671875,0.953125
masked_mean,masked_mean,12,-0.013161672701244242,0.78515625,0.17969894409179688,0.41796875,0.9296875
masked_mean,masked_mean,13,-0.005954450156423263,0.94921875,0.1385211944580078,0.4453125,0.90625
masked_mean,masked_mean,14,-0.02317702895743423,1.0625,0.1614208221435547,0.4375,0.92578125
masked_mean,masked_mean,15,-0.0038449128551292233,0.77734375,0.16402149200439453,0.35546875,0.96484375
masked_mean,masked_mean,16,-0.011482541292934911,1.2265625,0.13689804077148438,0.40625,0.94140625
masked_mean,masked_mean,17,-0.004583211521094199,0.81640625,0.13710975646972656,0.4140625,0.953125
masked_mean,masked_mean,18,-0.008378751372219995,1.0078125,0.16572189331054688,0.453125,0.93359375
masked_mean,masked_mean,19,-0.011153622672281926,0.6640625,0.13896942138671875,0.61328125,0.921875
masked_mean,masked_mean,20,-0.007310843204322737,0.466796875,0.1278553009033203,0.49609375,0.921875
masked_mean,masked_mean,21,-0.007784363810060313,0.6015625,0.1424236297607422,0.48828125,0.90625
masked_mean,masked_mean,22,-0.003949632104195189,0.466796875,0.1406230926513672,0.51171875,0.8984375
masked_mean,masked_mean,23,-0.005360956271942996,0.369140625,0.12769699096679688,0.5859375,0.9140625
masked_mean,masked_mean,24,-0.005764754932897631,0.447265625,0.12030410766601562,0.55078125,0.9375
masked_mean,masked_mean,25,-0.011011522077751579,0.318359375,0.1250457763671875,0.59765625,0.92578125
masked_mean,masked_mean,26,-0.008596498464612523,0.2412109375,0.13929367065429688,0.61328125,0.9140625
masked_mean,masked_mean,27,-0.00443628064749646,0.279296875,0.11414909362792969,0.62890625,0.93359375
masked_mean,masked_mean,28,-0.0030745065269002225,0.361328125,0.12334251403808594,0.63671875,0.890625
masked_mean,masked_mean,29,-0.008869787605362944,0.423828125,0.11585235595703125,0.59765625,0.90234375
masked_mean,masked_mean,30,-0.0023500851239077747,0.2373046875,0.11034107208251953,0.59765625,0.87890625
masked_mean,masked_mean,31,-0.003312610764623969,0.25,0.12013816833496094,0.66015625,0.91015625
masked_mean,masked_mean,32,0.0025084501448873198,0.21875,0.12280082702636719,0.69921875,0.9375
masked_mean,masked_mean,33,-0.007217235939606326,0.37109375,0.12548446655273438,0.625,0.94921875
masked_mean,masked_mean,34,-0.004618408616806846,0.205078125,0.1461048126220703,0.60546875,0.8828125
masked_mean,masked_mean,35,-0.010862971750611905,0.2578125,0.14098644256591797,0.6015625,0.9375
masked_mean,masked_mean,36,-0.006425730029150145,0.2080078125,0.14603042602539062,0.5078125,0.91796875
masked_mean,masked_mean,37,-0.0011218741128686816,0.263671875,0.13605308532714844,0.69140625,0.93359375
masked_mean,masked_mean,38,-0.0077062227501301095,0.25,0.15274810791015625,0.65234375,0.9140625
masked_mean,masked_mean,39,-0.0038835827144794166,0.201171875,0.11304092407226562,0.73046875,0.92578125
masked_mean,masked_mean,40,-0.003566579460311914,0.5625,0.14833831787109375,0.6171875,0.9140625
masked_mean,masked_mean,41,-0.003497599776892457,0.42578125,0.11393165588378906,0.70703125,0.95703125
masked_mean,masked_mean,42,-0.006737460960721364,0.2021484375,0.1170358657836914,0.66796875,0.93359375
masked_mean,masked_mean,43,-0.003558556167263305,0.189453125,0.08796024322509766,0.70703125,0.921875
masked_mean,masked_mean,44,-0.0008009708762983792,0.197265625,0.10083580017089844,0.609375,0.9140625
masked_mean,masked_mean,45,-0.0037074230785947293,0.30859375,0.0898752212524414,0.56640625,0.9296875
masked_mean,masked_mean,46,-0.0026682077077566646,0.2236328125,0.08523178100585938,0.57421875,0.859375
masked_mean,masked_mean,47,-0.0029613935039378703,0.205078125,0.07052803039550781,0.76171875,0.96875
masked_mean,masked_mean,48,-0.000859023737575626,0.2470703125,0.058081626892089844,0.6484375,0.90625
masked_mean,masked_mean,49,-0.002555724766352796,0.275390625,0.050055503845214844,0.68359375,0.97265625
masked_mean,masked_mean,50,-0.00450283320788003,0.208984375,0.055809974670410156,0.7421875,0.9453125
masked_mean,masked_mean,51,-0.0016673892741891905,0.1591796875,0.04726696014404297,0.78125,0.9375
masked_mean,masked_mean,52,-0.00018596088830236113,0.2265625,0.045445919036865234,0.77734375,0.9375
masked_mean,masked_mean,53,-0.0026746812604869774,0.263671875,0.04293680191040039,0.7890625,0.92578125
masked_mean,masked_mean,54,-0.004017804009890824,0.486328125,0.04177141189575195,0.6484375,0.97265625
masked_mean,masked_mean,55,0.0006238513979042182,0.337890625,0.03777360916137695,0.796875,0.98828125
masked_mean,masked_mean,56,-0.0020506509354163427,0.27734375,0.04617476463317871,0.62890625,0.875
masked_mean,masked_mean,57,-0.0007873386275605299,0.4140625,0.03469967842102051,0.77734375,0.9609375
masked_mean,masked_mean,58,-0.0012719514234049711,0.2470703125,0.04561424255371094,0.7265625,0.9296875
masked_mean,masked_mean,59,-0.001181464964247425,0.255859375,0.03160810470581055,0.76171875,0.9296875
masked_mean,masked_mean,60,-0.0014578118398276274,0.1875,0.04005575180053711,0.5546875,0.92578125
masked_mean,masked_mean,61,-0.0007713884306213004,0.177734375,0.03210735321044922,0.81640625,0.9609375
masked_mean,masked_mean,62,-0.0003884011966874823,0.326171875,0.03622746467590332,0.76171875,0.9609375
masked_mean,masked_mean,63,-0.0007361548850894906,0.35546875,0.035521507263183594,0.75,0.9453125
masked_mean,masked_mean,64,-0.001300159088714281,0.21875,0.03217315673828125,0.56640625,0.83984375
masked_mean,masked_mean,65,-0.001998053546230949,0.271484375,0.03645515441894531,0.74609375,0.92578125
masked_mean,masked_mean,66,-0.001747757221437496,0.13671875,0.03463029861450195,0.7734375,0.9453125
masked_mean,masked_mean,67,-0.00013485195859175292,0.1845703125,0.037672996520996094,0.703125,0.85546875
masked_mean,masked_mean,68,-0.003069237018280546,0.30078125,0.04004812240600586,0.70703125,0.9296875
masked_mean,masked_mean,69,-0.0018924925270766835,0.21484375,0.03149986267089844,0.80078125,0.8984375
masked_mean,masked_mean,70,-0.0011349623655405594,0.181640625,0.03603410720825195,0.6875,0.86328125
masked_mean,masked_mean,71,-0.0006428612823583535,0.16015625,0.05403757095336914,0.4921875,0.80078125
masked_mean,masked_mean,72,-4.572157877191785e-05,0.1396484375,0.04115915298461914,0.7421875,0.8203125
masked_mean,masked_mean,73,-0.0006356361745929462,0.228515625,0.03616619110107422,0.6875,0.89453125
masked_mean,masked_mean,74,-0.00037372837323346175,0.185546875,0.035452842712402344,0.71484375,0.828125
masked_mean,masked_mean,75,-0.0011214617588848341,0.19921875,0.02372455596923828,0.83984375,0.89453125
masked_mean,masked_mean,76,-0.0004871408218605211,0.1630859375,0.02623748779296875,0.78125,0.890625
masked_mean,masked_mean,77,-0.00046625223876617383,0.1259765625,0.030996322631835938,0.6015625,0.8125
masked_mean,masked_mean,78,0.0005227311958151404,0.20703125,0.033640384674072266,0.75390625,0.90234375
masked_mean,masked_mean,79,-0.0006779276236557052,0.1884765625,0.027295589447021484,0.76171875,0.8671875
masked_mean,masked_mean,80,-0.0003904743516613962,0.2099609375,0.03369283676147461,0.7265625,0.91796875
masked_mean,masked_mean,81,1.4760125850443728e-05,0.17578125,0.033429861068725586,0.72265625,0.87890625
masked_mean,masked_mean,82,0.0005611192664218834,0.1767578125,0.030576229095458984,0.75390625,0.91796875
masked_mean,masked_mean,83,-9.456130010221386e-05,0.134765625,0.03067636489868164,0.76953125,0.890625
masked_mean,masked_mean,84,-0.000577778090701031,0.2060546875,0.03218984603881836,0.5546875,0.8359375
masked_mean,masked_mean,85,-0.0004991957650872791,0.166015625,0.022977590560913086,0.71484375,0.91796875
masked_mean,masked_mean,86,-0.00015174201917034225,0.15625,0.021747827529907227,0.75,0.90625
masked_mean,masked_mean,87,0.0001727872831907007,0.1650390625,0.020128250122070312,0.87109375,0.96875
masked_mean,masked_mean,88,-0.0027126093409606256,0.2275390625,0.031212806701660156,0.74609375,0.921875
masked_mean,masked_mean,89,-0.00010429531175759621,0.15234375,0.03150177001953125,0.81640625,0.94921875
masked_mean,masked_mean,90,-0.0008488787607348058,0.12890625,0.020700454711914062,0.89453125,0.95703125
masked_mean,masked_mean,91,0.0004314431707825861,0.17578125,0.028208494186401367,0.65234375,0.88671875
masked_mean,masked_mean,92,-0.0010670907245184935,0.2275390625,0.03130030632019043,0.61328125,0.859375
masked_mean,masked_mean,93,-0.000851535423862515,0.10693359375,0.022443294525146484,0.80078125,0.8984375
masked_mean,masked_mean,94,-0.001068366920662811,0.2451171875,0.026359081268310547,0.76171875,0.875
masked_mean,masked_mean,95,-0.001503794585914875,0.1865234375,0.024325847625732422,0.78515625,0.890625
masked_mean,masked_mean,96,-0.0009630172967263206,0.212890625,0.025683879852294922,0.75,0.89453125
masked_mean,masked_mean,97,-0.0014042359844097518,0.236328125,0.02749776840209961,0.71875,0.8984375
masked_mean,masked_mean,98,-0.00030819470794085646,0.1494140625,0.023929119110107422,0.73828125,0.90625
masked_mean,masked_mean,99,-0.001983524693059735,0.4453125,0.02566051483154297,0.78125,0.94140625
masked_mean,masked_mean,100,-0.0011900079771294259,0.189453125,0.029870986938476562,0.73828125,0.90234375
masked_mean,masked_mean,101,-0.0011060552942581126,0.150390625,0.030333518981933594,0.65625,0.8828125
masked_mean,masked_mean,102,0.001273299336389755,0.216796875,0.0340728759765625,0.75390625,0.95703125
masked_mean,masked_mean,103,0.0005691611286238185,0.171875,0.0322718620300293,0.7421875,0.9453125
masked_mean,masked_mean,104,-0.002859722626453731,0.2119140625,0.031578779220581055,0.78125,0.97265625
masked_mean,masked_mean,105,-0.0037176117020862876,0.251953125,0.034328460693359375,0.75390625,0.97265625
masked_mean,masked_mean,106,-0.001451775802706834,0.203125,0.03336358070373535,0.76171875,0.97265625
masked_mean,masked_mean,107,-0.0010120548504346516,0.1611328125,0.03129720687866211,0.7578125,0.95703125
masked_mean,masked_mean,108,0.0008172153266059468,0.2265625,0.035626888275146484,0.65234375,0.94921875
masked_mean,masked_mean,109,-0.0018810454639606178,0.205078125,0.03409099578857422,0.671875,0.96484375
masked_mean,masked_mean,110,-0.004658167027628224,0.2734375,0.031051158905029297,0.7734375,0.95703125
masked_mean,masked_mean,111,-0.0012144927568442654,0.24609375,0.032190799713134766,0.578125,0.91796875
masked_mean,masked_mean,112,-0.0005783755486845621,0.154296875,0.027015209197998047,0.703125,0.91796875
masked_mean,masked_mean,113,-0.0017389723630003573,0.2041015625,0.025835037231445312,0.7734375,0.953125
masked_mean,masked_mean,114,-0.0011513400922922301,0.142578125,0.02473902702331543,0.7421875,0.921875
masked_mean,masked_mean,115,-0.0003298795490991324,0.2294921875,0.029997825622558594,0.7265625,0.921875
masked_mean,masked_mean,116,-0.00127257682288473,0.2373046875,0.027776718139648438,0.64453125,0.8671875
masked_mean,masked_mean,117,-0.00034705662437772844,0.1513671875,0.027241230010986328,0.7890625,0.9296875
masked_mean,masked_mean,118,0.0006790675888623809,0.224609375,0.026214599609375,0.71875,0.91015625
masked_mean,masked_mean,119,-0.00045581500216940185,0.171875,0.02619647979736328,0.77734375,0.9296875
masked_mean,masked_mean,120,-0.0020454539935599314,0.166015625,0.035262107849121094,0.6015625,0.921875
masked_mean,masked_mean,121,-0.0019884812827513088,0.1591796875,0.028631210327148438,0.7421875,0.859375
masked_mean,masked_mean,122,-0.0006183968916957383,0.1796875,0.027100563049316406,0.5234375,0.859375
masked_mean,masked_mean,123,-0.00032800541339383926,0.1396484375,0.02596426010131836,0.66796875,0.82421875
masked_mean,masked_mean,124,-0.0015997679529391462,0.1376953125,0.02181243896484375,0.8984375,0.96875
masked_mean,masked_mean,125,-0.00067366395433055,0.166015625,0.026417016983032227,0.75,0.89453125
masked_mean,masked_mean,126,-0.0009796146584903909,0.1806640625,0.02551722526550293,0.80078125,0.91796875
masked_mean,masked_mean,127,0.0007519396203861106,0.10302734375,0.03102588653564453,0.703125,0.8828125
masked_mean,masked_mean,128,0.0009398200954819913,0.2216796875,0.028890132904052734,0.73046875,0.8671875
masked_mean,masked_mean,129,-0.0019774080737988697,0.240234375,0.027611732482910156,0.7421875,0.90234375
masked_mean,masked_mean,130,0.00022120055564300856,0.1806640625,0.02827739715576172,0.75390625,0.890625
masked_mean,masked_mean,131,0.0002928361009253422,0.1513671875,0.03216075897216797,0.69921875,0.859375
masked_mean,masked_mean,132,-0.0013558145028582658,0.25390625,0.0285491943359375,0.78125,0.921875
masked_mean,masked_mean,133,-0.0005098022120364476,0.1494140625,0.028342008590698242,0.76953125,0.953125
masked_mean,masked_mean,134,-0.0005976692409603857,0.1787109375,0.030677318572998047,0.73046875,0.94140625
masked_mean,masked_mean,135,-0.0002935641109615972,0.189453125,0.025841474533081055,0.77734375,0.90625
masked_mean,masked_mean,136,-7.850095244066324e-05,0.138671875,0.023457050323486328,0.796875,0.90234375
masked_mean,masked_mean,137,-0.0008265920059784548,0.205078125,0.0315093994140625,0.7421875,0.92578125
masked_mean,masked_mean,138,-0.00021300820571923396,0.134765625,0.024770736694335938,0.83984375,0.921875
masked_mean,masked_mean,139,-0.00084263195276435,0.1337890625,0.029431819915771484,0.7890625,0.94921875
masked_mean,masked_mean,140,-0.0008230017065216089,0.1376953125,0.041222572326660156,0.59765625,0.82421875
masked_mean,masked_mean,141,-0.0003877763710988802,0.13671875,0.03053569793701172,0.7734375,0.8828125
masked_mean,masked_mean,142,-0.0004807278801308712,0.10791015625,0.036762237548828125,0.7578125,0.890625
masked_mean,masked_mean,143,-0.002164852898204117,0.205078125,0.03135824203491211,0.8203125,0.88671875
masked_mean,masked_mean,144,0.0003604951516535948,0.138671875,0.040552616119384766,0.68359375,0.86328125
masked_mean,masked_mean,145,-0.0008750254382903222,0.1513671875,0.044293880462646484,0.7265625,0.92578125
masked_mean,masked_mean,146,-0.0006755782196705695,0.0947265625,0.03577613830566406,0.70703125,0.87890625
masked_mean,masked_mean,147,-0.0015596493749399087,0.205078125,0.04735898971557617,0.6640625,0.84765625
masked_mean,masked_mean,148,-4.901188913208898e-05,0.1220703125,0.030434131622314453,0.765625,0.90234375
masked_mean,masked_mean,149,-0.0008571450071030995,0.14453125,0.044022560119628906,0.66796875,0.84765625
masked_mean,masked_mean,150,0.0012617027496162336,0.1630859375,0.03920745849609375,0.703125,0.90625
masked_mean,masked_mean,151,-0.0005214004054323595,0.2109375,0.0267791748046875,0.734375,0.953125
masked_mean,masked_mean,152,-0.0005800285416626139,0.2001953125,0.03696632385253906,0.72265625,0.90234375
masked_mean,masked_mean,153,-0.0003654817664937582,0.11181640625,0.029487133026123047,0.8359375,0.94921875
masked_mean,masked_mean,154,0.00011903204176633153,0.169921875,0.02963399887084961,0.80078125,0.91015625
masked_mean,masked_mean,155,0.0006497715417026484,0.1943359375,0.02892017364501953,0.7109375,0.9140625
masked_mean,masked_mean,156,-0.0020763990351042594,0.302734375,0.03304004669189453,0.86328125,0.96875
masked_mean,masked_mean,157,0.0008792703210929176,0.2001953125,0.027647972106933594,0.6171875,0.828125
masked_mean,masked_mean,158,-0.0003808256706179236,0.16796875,0.024851083755493164,0.8046875,0.9609375
masked_mean,masked_mean,159,0.0006584486618521623,0.1396484375,0.02756476402282715,0.65625,0.87890625
masked_mean,masked_mean,160,-0.0002471616671755328,0.0947265625,0.03240537643432617,0.58984375,0.8515625
masked_mean,masked_mean,161,0.0001808654951673816,0.130859375,0.02669382095336914,0.77734375,0.8984375
masked_mean,masked_mean,162,-0.001074430699190998,0.1669921875,0.03410530090332031,0.83203125,0.96484375
masked_mean,masked_mean,163,-0.000964771489634586,0.11669921875,0.029120922088623047,0.8046875,0.90234375
masked_mean,masked_mean,164,-0.0007465454855264397,0.150390625,0.03741288185119629,0.66015625,0.84375
masked_mean,masked_mean,165,-0.0004363451480458025,0.185546875,0.041749000549316406,0.6796875,0.94921875
masked_mean,masked_mean,166,-0.002113485278641747,0.185546875,0.03421449661254883,0.7734375,0.94921875
masked_mean,masked_mean,167,0.0006155384326120839,0.130859375,0.024373531341552734,0.75390625,0.91015625
masked_mean,masked_mean,168,-0.00019124276332149748,0.1728515625,0.031003475189208984,0.765625,0.96484375
masked_mean,masked_mean,169,0.0005710842033295194,0.11865234375,0.027704954147338867,0.8203125,0.96875
masked_mean,masked_mean,170,-0.0028844529997513746,0.703125,0.03133964538574219,0.734375,0.94921875
masked_mean,masked_mean,171,0.00012560442337417044,0.1318359375,0.034487009048461914,0.84765625,0.98046875
masked_mean,masked_mean,172,-0.0002306836086063413,0.1474609375,0.03173398971557617,0.8671875,0.984375
masked_mean,masked_mean,173,-0.00035962134552391944,0.11181640625,0.028960227966308594,0.70703125,0.95703125
masked_mean,masked_mean,174,-0.0017835330736488686,0.1748046875,0.028824806213378906,0.7421875,0.92578125
masked_mean,masked_mean,175,-0.00046303211092890706,0.19140625,0.03357076644897461,0.69921875,0.91015625
masked_mean,masked_mean,176,-0.0016865148299984867,0.2158203125,0.03928399085998535,0.73828125,0.93359375
masked_mean,masked_mean,177,-0.0007690482721045555,0.12255859375,0.04218435287475586,0.6640625,0.89453125
masked_mean,masked_mean,178,-0.0013494233553501545,0.1220703125,0.0375370979309082,0.7265625,0.91796875
masked_mean,masked_mean,179,-0.0007604734128108248,0.09814453125,0.038394927978515625,0.77734375,0.97265625
masked_mean,masked_mean,180,-0.0013749505906162085,0.154296875,0.036075592041015625,0.7890625,0.95703125
masked_mean,masked_mean,181,-0.000482173833916022,0.115234375,0.036122798919677734,0.69140625,0.8984375
masked_mean,masked_mean,182,-0.0011782139299612027,0.1376953125,0.03515005111694336,0.796875,0.9453125
masked_mean,masked_mean,183,-0.0009137207871390274,0.1416015625,0.02650165557861328,0.86328125,0.96875
masked_mean,masked_mean,184,0.0004244231095071882,0.076171875,0.030692577362060547,0.7890625,0.92578125
masked_mean,masked_mean,185,0.0002217838723481691,0.12060546875,0.030039310455322266,0.89453125,0.9921875
masked_mean,masked_mean,186,-0.0005168991856407956,0.115234375,0.027619600296020508,0.8125,0.92578125
masked_mean,masked_mean,187,-0.0010904584887612145,0.08935546875,0.025596141815185547,0.90234375,0.984375
masked_mean,masked_mean,188,0.000304721987049561,0.189453125,0.028296709060668945,0.75390625,0.93359375
masked_mean,masked_mean,189,-0.003380773936441983,0.1494140625,0.02469635009765625,0.78125,0.9296875
masked_mean,masked_mean,190,-0.0018389425258646952,0.1220703125,0.029322147369384766,0.77734375,0.92578125
masked_mean,masked_mean,191,-0.00041095155575021636,0.1484375,0.023627281188964844,0.81640625,0.9609375
masked_mean,masked_mean,192,5.148345917405095e-05,0.1259765625,0.01903533935546875,0.90234375,0.97265625
masked_mean,masked_mean,193,0.0005856590196344769,0.1533203125,0.02893686294555664,0.828125,0.98828125
masked_mean,masked_mean,194,0.0002119726800628996,0.181640625,0.02439117431640625,0.74609375,0.87890625
masked_mean,masked_mean,195,-0.0006167966821521986,0.1533203125,0.025825977325439453,0.69140625,0.9140625
masked_mean,masked_mean,196,0.000590571525208361,0.1298828125,0.027758359909057617,0.6328125,0.859375
masked_mean,masked_mean,197,0.000324155813359539,0.1611328125,0.026080608367919922,0.77734375,0.91015625
masked_mean,masked_mean,198,0.0001928529527503997,0.2470703125,0.02611064910888672,0.72265625,0.91796875
masked_mean,masked_mean,199,0.000181798992343829,0.1259765625,0.02330160140991211,0.6640625,0.875
masked_mean,masked_mean,200,-0.0005381013343139784,0.1357421875,0.023288726806640625,0.80859375,0.94140625
masked_normalize,masked_normalize,1,-0.004833766019146424,0.018310546875,0.923675537109375,0.015625,0.1796875
masked_normalize,masked_normalize,2,-0.008544761941266188,0.08837890625,0.3955726623535156,0.18359375,0.59765625
masked_normalize,masked_normalize,3,-0.004826345916626451,0.07861328125,0.4023590087890625,0.2265625,0.7421875
masked_normalize,masked_normalize,4,-0.0009513728464298765,0.04345703125,0.5313644409179688,0.1953125,0.94921875
masked_normalize,masked_normalize,5,-0.001160000672825845,0.0576171875,0.5284843444824219,0.29296875,0.984375
masked_normalize,masked_normalize,6,1.8230659634355106e-05,0.042724609375,0.4900693893432617,0.1875,0.98046875
masked_normalize,masked_normalize,7,-0.0016579696355165652,0.07861328125,0.3062162399291992,0.3125,0.96875
masked_normalize,masked_normalize,8,-0.0006176274390554681,0.06005859375,0.4026947021484375,0.21484375,0.96875
masked_normalize,masked_normalize,9,-0.0006653751594285495,0.07958984375,0.4780387878417969,0.30078125,0.98046875
masked_normalize,masked_normalize,10,0.0012299473648909043,0.10302734375,0.60009765625,0.2578125,0.953125
masked_normalize,masked_normalize,11,0.00015689930978624034,0.059814453125,0.5381202697753906,0.23046875,0.96484375
masked_normalize,masked_normalize,12,-0.000614059159943281,0.060791015625,0.5411415100097656,0.24609375,0.9609375
masked_normalize,masked_normalize,13,-0.0004907903343109865,0.0751953125,0.5449295043945312,0.30859375,0.96875
masked_normalize,masked_normalize,14,-0.0011329148587719828,0.07666015625,0.47536468505859375,0.43359375,0.93359375
masked_normalize,masked_normalize,15,-0.0034233977130497806,0.06201171875,0.5594940185546875,0.21875,0.9375
masked_normalize,masked_normalize,16,-0.0003153005850435875,0.0771484375,0.4867820739746094,0.2265625,0.9296875
masked_normalize,masked_normalize,17,-0.0047763407092134,0.0986328125,0.375152587890625,0.28515625,0.9453125
masked_normalize,masked_normalize,18,3.6023452594236005e-06,0.103515625,0.3617439270019531,0.20703125,0.9296875
masked_normalize,masked_normalize,19,-0.002890676617880672,0.11767578125,0.2734222412109375,0.359375,0.95703125
masked_normalize,masked_normalize,20,-0.006862253146664443,0.1103515625,0.2886505126953125,0.33984375,0.97265625
masked_normalize,masked_normalize,21,-0.004786596350186301,0.10693359375,0.2643871307373047,0.3046875,0.9609375
masked_normalize,masked_normalize,22,-0.003259410073496838,0.11328125,0.28674888610839844,0.26171875,0.97265625
masked_normalize,masked_normalize,23,-0.00031099001603251963,0.10009765625,0.31478118896484375,0.2734375,0.97265625
masked_normalize,masked_normalize,24,-0.002339641367598233,0.09716796875,0.2798576354980469,0.296875,0.96875
masked_normalize,masked_normalize,25,-0.0016506662452684395,0.083984375,0.2505607604980469,0.27734375,0.98828125
masked_normalize,masked_normalize,26,-0.001072202540399303,0.095703125,0.2605438232421875,0.3203125,0.984375
masked_normalize,masked_normalize,27,-0.0008409123329329304,0.08984375,0.2310314178466797,0.3671875,0.9921875
masked_normalize,masked_normalize,28,-0.0004911100568278925,0.091796875,0.20194053649902344,0.3125,0.9921875
masked_normalize,masked_normalize,29,0.0005369235392862493,0.099609375,0.2309398651123047,0.34375,0.98828125
masked_normalize,masked_normalize,30,-2.8576904014698812e-05,0.0908203125,0.19784927368164062,0.29296875,0.99609375
masked_normalize,masked_normalize,31,-0.0011109872698966683,0.07275390625,0.1935901641845703,0.41796875,1.0
masked_normalize,masked_normalize,32,0.00023871431562838552,0.08056640625,0.18570518493652344,0.4765625,0.98828125
masked_normalize,masked_normalize,33,-0.000621538745633643,0.078125,0.22588729858398438,0.4296875,0.99609375
masked_normalize,masked_normalize,34,-0.0009122853643930284,0.0732421875,0.19381237030029297,0.375,1.0
masked_normalize,masked_normalize,35,2.4975886844913475e-05,0.0859375,0.2463226318359375,0.296875,0.98828125
masked_normalize,masked_normalize,36,-0.0008424817946774965,0.07275390625,0.2584686279296875,0.3671875,0.984375
masked_normalize,masked_normalize,37,0.00042124084757233504,0.0654296875,0.20213699340820312,0.42578125,1.0
masked_normalize,masked_normalize,38,0.00046623638718301663,0.06640625,0.2566871643066406,0.34765625,0.98046875
masked_normalize,masked_normalize,39,-0.001910448837406875,0.09326171875,0.21113967895507812,0.56640625,0.9921875
masked_normalize,masked_normalize,40,-0.002550257079747098,0.06787109375,0.21868896484375,0.3984375,0.9921875
masked_normalize,masked_normalize,41,-5.4115829698275775e-05,0.05908203125,0.20416259765625,0.43359375,0.98828125
masked_normalize,masked_normalize,42,-0.0007055871021179883,0.06884765625,0.23156356811523438,0.37109375,0.9921875
masked_normalize,masked_normalize,43,-0.0008989450511762698,0.0869140625,0.15631866455078125,0.44140625,0.99609375
masked_normalize,masked_normalize,44,-0.0001803934464987833,0.10205078125,0.18715667724609375,0.4375,0.9921875
masked_normalize,masked_normalize,45,0.0003135019223918789,0.0791015625,0.19508934020996094,0.34765625,0.984375
masked_normalize,masked_normalize,46,0.00017772953060557484,0.0771484375,0.1751556396484375,0.453125,0.9921875
masked_normalize,masked_normalize,47,-6.575324357527279e-05,0.1015625,0.14438247680664062,0.4609375,0.984375
masked_normalize,masked_normalize,48,0.00018621726360379398,0.10400390625,0.12299156188964844,0.41015625,0.98828125
masked_normalize,masked_normalize,49,-0.002065195845261769,0.11328125,0.11931991577148438,0.375,0.98828125
masked_normalize,masked_normalize,50,-0.000404471684305463,0.10400390625,0.11768722534179688,0.46484375,0.98828125
masked_normalize,masked_normalize,51,-0.0015252035482262727,0.1201171875,0.08993291854858398,0.53515625,0.98046875
masked_normalize,masked_normalize,52,-0.0031479704819048493,0.12353515625,0.087158203125,0.5234375,0.98046875
masked_normalize,masked_normalize,53,0.0011077321071297774,0.15625,0.0834512710571289,0.5390625,0.9765625
masked_normalize,masked_normalize,54,-0.0004082136972556327,0.1298828125,0.10092449188232422,0.48046875,0.98046875
masked_normalize,masked_normalize,55,-0.002011837555528473,0.134765625,0.08358097076416016,0.609375,0.9921875
masked_normalize,masked_normalize,56,-0.00022700752720083983,0.07958984375,0.09447526931762695,0.59375,0.95703125
masked_normalize,masked_normalize,57,0.00013489532420862815,0.0830078125,0.08150625228881836,0.67578125,0.97265625
masked_normalize,masked_normalize,58,-0.0008455099077764316,0.06396484375,0.11985588073730469,0.5546875,0.9609375
masked_normalize,masked_normalize,59,-0.00027630775275611086,0.055419921875,0.12772274017333984,0.61328125,0.9375
masked_normalize,masked_normalize,60,-0.0013010260572627885,0.0517578125,0.155914306640625,0.48046875,0.91796875
masked_normalize,masked_normalize,61,-0.005474060966662364,0.03955078125,0.14441680908203125,0.71875,0.90234375
masked_normalize,masked_normalize,62,-0.00416003460304637,0.0458984375,0.16512680053710938,0.6640625,0.87109375
masked_normalize,masked_normalize,63,-0.005482653101353208,0.04345703125,0.1791534423828125,0.6953125,0.86328125
masked_normalize,masked_normalize,64,-0.00451792139938334,0.047607421875,0.1763629913330078,0.50390625,0.78125
masked_normalize,masked_normalize,65,-0.006270830055655097,0.048583984375,0.2082366943359375,0.65234375,0.82421875
masked_normalize,masked_normalize,66,-0.004976360689397552,0.044189453125,0.176727294921875,0.7265625,0.8671875
masked_normalize,masked_normalize,67,-0.004328261245518661,0.0400390625,0.18810653686523438,0.5703125,0.81640625
masked_normalize,masked_normalize,68,-0.00433755228004884,0.040771484375,0.21377182006835938,0.6015625,0.86328125
masked_normalize,masked_normalize,69,-0.003896408519722172,0.0498046875,0.17279052734375,0.7265625,0.90234375
masked_normalize,masked_normalize,70,-0.003884165781983029,0.04296875,0.17672348022460938,0.63671875,0.9140625
masked_normalize,masked_normalize,71,-0.00487160803641018,0.044189453125,0.21368026733398438,0.4609375,0.8671875
masked_normalize,masked_normalize,72,-0.0007645666955795605,0.0289306640625,0.15390777587890625,0.7578125,0.9375
masked_normalize,masked_normalize,73,-0.0005463178586069262,0.033447265625,0.16365623474121094,0.64453125,0.9609375
masked_normalize,masked_normalize,74,-0.0037414101698232116,0.040283203125,0.18373489379882812,0.68359375,0.98828125
masked_normalize,masked_normalize,75,-0.0004943049571011215,0.036865234375,0.15075111389160156,0.72265625,0.96484375
masked_normalize,masked_normalize,76,-0.0009921853379637469,0.03662109375,0.14605331420898438,0.69140625,0.94921875
masked_normalize,masked_normalize,77,-0.0011824569655800587,0.03759765625,0.1489715576171875,0.60546875,0.9453125
masked_normalize,masked_normalize,78,-0.0012501745441113599,0.03759765625,0.16347885131835938,0.71484375,0.96484375
masked_normalize,masked_normalize,79,-0.0009319043938376126,0.03759765625,0.14355087280273438,0.6953125,0.97265625
masked_normalize,masked_normalize,80,-0.0013263528535389923,0.031982421875,0.14117813110351562,0.76171875,0.984375
masked_normalize,masked_normalize,81,-0.0018004666944761993,0.037353515625,0.1574840545654297,0.703125,0.96875
masked_normalize,masked_normalize,82,-0.002275859169458272,0.041259765625,0.13396263122558594,0.734375,0.98828125
masked_normalize,masked_normalize,83,-0.002170493498852011,0.034912109375,0.11849403381347656,0.75,0.96484375
masked_normalize,masked_normalize,84,-0.0012963091930942028,0.042724609375,0.12301063537597656,0.5078125,0.92578125
masked_normalize,masked_normalize,85,-0.0010260242070216918,0.032958984375,0.09040260314941406,0.71484375,0.98046875
masked_normalize,masked_normalize,86,-0.0007548647749899828,0.03515625,0.08962726593017578,0.734375,0.97265625
masked_normalize,masked_normalize,87,-0.0011937463493723044,0.044189453125,0.0793905258178711,0.79296875,0.96875
masked_normalize,masked_normalize,88,-0.0016736984077851957,0.040771484375,0.09333086013793945,0.7265625,0.9609375
masked_normalize,masked_normalize,89,-0.0010756391247923602,0.0400390625,0.08282279968261719,0.796875,0.97265625
masked_normalize,masked_normalize,90,-0.0007326105865104182,0.042236328125,0.05756378173828125,0.85546875,0.984375
masked_normalize,masked_normalize,91,-0.0007283524146259879,0.05517578125,0.07112503051757812,0.62890625,0.95703125
masked_normalize,masked_normalize,92,-0.0011582889496821736,0.0537109375,0.07742881774902344,0.62109375,0.96875
masked_normalize,masked_normalize,93,-0.0009327336833848676,0.037353515625,0.06190013885498047,0.75390625,0.9765625
masked_normalize,masked_normalize,94,-0.002215836874256638,0.056396484375,0.061766624450683594,0.8203125,0.9765625
masked_normalize,masked_normalize,95,-0.0016558765723857505,0.06787109375,0.058826446533203125,0.7265625,0.953125
masked_normalize,masked_normalize,96,-0.000609115716542874,0.053955078125,0.05373096466064453,0.76171875,0.94140625
masked_normalize,masked_normalize,97,0.00021165433281566948,0.06591796875,0.06462669372558594,0.71484375,0.96875
masked_normalize,masked_normalize,98,-0.0007617309382226267,0.06005859375,0.05095195770263672,0.703125,0.96875
masked_normalize,masked_normalize,99,-0.001143859328749386,0.06201171875,0.049449920654296875,0.73046875,0.9609375
masked_normalize,masked_normalize,100,-0.0012875923566753045,0.0556640625,0.04894828796386719,0.6953125,0.95703125
masked_normalize,masked_normalize,101,-0.00036348560411170183,0.05078125,0.04486513137817383,0.6640625,0.8984375
masked_normalize,masked_normalize,102,-0.0008749590488150716,0.052978515625,0.057173728942871094,0.73828125,0.9765625
masked_normalize,masked_normalize,103,-0.0003703630532072566,0.04638671875,0.04893302917480469,0.734375,0.9453125
masked_normalize,masked_normalize,104,-0.0020459386078073294,0.06298828125,0.044632911682128906,0.82421875,0.94921875
masked_normalize,masked_normalize,105,-0.000225573609895946,0.04443359375,0.04418611526489258,0.78125,0.96484375
masked_normalize,masked_normalize,106,-0.0006860826597403502,0.058349609375,0.04342031478881836,0.703125,0.94140625
masked_normalize,masked_normalize,107,-0.002202851876290879,0.0673828125,0.039911746978759766,0.71875,0.890625
masked_normalize,masked_normalize,108,-0.00028199229109304724,0.06884765625,0.045548200607299805,0.6875,0.8984375
masked_normalize,masked_normalize,109,-0.0005229307689660345,0.06103515625,0.04017925262451172,0.65234375,0.921875
masked_normalize,masked_normalize,110,-0.0004719969113011757,0.059326171875,0.03602933883666992,0.79296875,0.97265625
masked_normalize,masked_normalize,111,-0.0005511641088560282,0.09033203125,0.038504600524902344,0.5234375,0.890625
masked_normalize,masked_normalize,112,-0.0009863511281764659,0.07666015625,0.030255794525146484,0.7421875,0.93359375
masked_normalize,masked_normalize,113,-1.285665621253429e-05,0.051513671875,0.028959274291992188,0.79296875,0.96484375
masked_normalize,masked_normalize,114,-0.0003021646261913702,0.056884765625,0.032805442810058594,0.6953125,0.94140625
masked_normalize,masked_normalize,115,-0.00014811342998655164,0.04833984375,0.03355741500854492,0.73046875,0.94140625
masked_normalize,masked_normalize,116,-0.00036167345115245553,0.0673828125,0.0348811149597168,0.6796875,0.95703125
masked_normalize,masked_normalize,117,-0.0010339662883325218,0.07421875,0.030624866485595703,0.765625,0.90234375
masked_normalize,masked_normalize,118,-0.0003264288179707364,0.0576171875,0.03086566925048828,0.72265625,0.9609375
masked_normalize,masked_normalize,119,-0.0004829402478208067,0.056640625,0.03132009506225586,0.73828125,0.9140625
masked_normalize,masked_normalize,120,-0.00034392312136333203,0.059814453125,0.04300546646118164,0.56640625,0.9609375
masked_normalize,masked_normalize,121,-0.0011298169210363085,0.064453125,0.03236079216003418,0.78515625,0.92578125
masked_normalize,masked_normalize,122,-0.0005203444206927088,0.07177734375,0.03339052200317383,0.53515625,0.875
masked_normalize,masked_normalize,123,-0.00030470892670564353,0.061767578125,0.0317225456237793,0.7109375,0.921875
masked_normalize,masked_normalize,124,-0.0005997891747995254,0.061279296875,0.028507232666015625,0.88671875,0.97265625
masked_normalize,masked_normalize,125,-0.0001758331932251167,0.06884765625,0.0377650260925293,0.76171875,0.95703125
masked_normalize,masked_normalize,126,-7.599974014738109e-05,0.064453125,0.03511333465576172,0.76171875,0.9296875
masked_normalize,masked_normalize,127,0.0005975489766569808,0.0556640625,0.040538787841796875,0.71875,0.91015625
masked_normalize,masked_normalize,128,-0.0005238918884060695,0.07568359375,0.03722858428955078,0.7734375,0.94140625
masked_normalize,masked_normalize,129,-0.00021451249995152466,0.061767578125,0.03663825988769531,0.7421875,0.9453125
masked_normalize,masked_normalize,130,-0.0009098118055135274,0.0517578125,0.04384803771972656,0.78125,0.953125
masked_normalize,masked_normalize,131,-0.0007037669129204005,0.06396484375,0.046523094177246094,0.703125,0.91796875
masked_normalize,masked_normalize,132,-0.000509641099597502,0.052001953125,0.03976154327392578,0.75390625,0.91796875
masked_normalize,masked_normalize,133,0.00041916764257621253,0.0654296875,0.04342937469482422,0.7265625,0.94921875
masked_normalize,masked_normalize,134,-0.0007989305440787575,0.08349609375,0.04566192626953125,0.65234375,0.9375
masked_normalize,masked_normalize,135,-5.586189035966527e-05,0.05322265625,0.03481769561767578,0.80078125,0.9375
masked_normalize,masked_normalize,136,1.540248194942251e-05,0.041748046875,0.032315731048583984,0.84765625,0.9296875
masked_normalize,masked_normalize,137,-2.099973789881915e-05,0.051025390625,0.049059391021728516,0.734375,0.94140625
masked_normalize,masked_normalize,138,-8.572564365749713e-05,0.054931640625,0.035635948181152344,0.76171875,0.90625
masked_normalize,masked_normalize,139,-0.0002309449041604239,0.050537109375,0.034114837646484375,0.7890625,0.9453125
masked_normalize,masked_normalize,140,-0.0001445068796783744,0.052001953125,0.04840850830078125,0.58984375,0.90234375
masked_normalize,masked_normalize,141,-0.0004497227314459451,0.050048828125,0.04252004623413086,0.77734375,0.89453125
masked_normalize,masked_normalize,142,0.0006986376495206059,0.064453125,0.04581642150878906,0.78125,0.921875
masked_normalize,masked_normalize,143,-0.00036290172647568397,0.03564453125,0.03859996795654297,0.79296875,0.94140625
masked_normalize,masked_normalize,144,-0.0002591267148090992,0.052978515625,0.04990577697753906,0.66015625,0.921875
masked_normalize,masked_normalize,145,-0.0015952690328049357,0.059326171875,0.05296802520751953,0.71875,0.92578125
masked_normalize,masked_normalize,146,-0.0005035383637732593,0.046875,0.05290508270263672,0.69921875,0.93359375
masked_normalize,masked_normalize,147,-0.0008219117844419088,0.06494140625,0.06428909301757812,0.68359375,0.9375
masked_normalize,masked_normalize,148,-0.00030488206812151475,0.05517578125,0.04712390899658203,0.70703125,0.8984375
masked_normalize,masked_normalize,149,-0.0003474862483017205,0.045166015625,0.05517435073852539,0.6484375,0.8984375
masked_normalize,masked_normalize,150,-0.0014928954706192599,0.07373046875,0.05471992492675781,0.734375,0.921875
masked_normalize,masked_normalize,151,-0.0007888812924647937,0.0595703125,0.040008544921875,0.7578125,0.9453125
masked_normalize,masked_normalize,152,-9.188803414872382e-05,0.08935546875,0.043584346771240234,0.6953125,0.92578125
masked_normalize,masked_normalize,153,-0.00046044067858019844,0.068359375,0.03344011306762695,0.8046875,0.953125
masked_normalize,masked_normalize,154,-0.0007759612362860935,0.08642578125,0.03221845626831055,0.7109375,0.9609375
masked_normalize,masked_normalize,155,-0.0033055932410661626,0.1630859375,0.036902427673339844,0.7421875,0.984375
masked_normalize,masked_normalize,156,-0.0006595705420977538,0.0712890625,0.036237478256225586,0.86328125,0.96875
masked_normalize,masked_normalize,157,-0.0009773055453479174,0.099609375,0.03257560729980469,0.6640625,0.86328125
masked_normalize,masked_normalize,158,-0.00011526483649504371,0.07275390625,0.02799510955810547,0.78125,0.91796875
masked_normalize,masked_normalize,159,-0.0006301357252596063,0.078125,0.031533241271972656,0.67578125,0.8984375
masked_normalize,masked_normalize,160,-0.0002695344824132917,0.0751953125,0.02836894989013672,0.5234375,0.83984375
masked_normalize,masked_normalize,161,-0.0005537503835171265,0.08056640625,0.024367809295654297,0.73828125,0.921875
masked_normalize,masked_normalize,162,-0.0004805853304787888,0.07958984375,0.026527881622314453,0.765625,0.9609375
masked_normalize,masked_normalize,163,-0.00038989398126432206,0.0654296875,0.020900249481201172,0.80859375,0.91015625
masked_normalize,masked_normalize,164,-0.0005505065946636023,0.07763671875,0.02728867530822754,0.65625,0.87109375
masked_normalize,masked_normalize,165,0.00014444672797253588,0.0693359375,0.027015209197998047,0.6953125,0.91796875
masked_normalize,masked_normalize,166,0.00013547301296057412,0.08154296875,0.026401042938232422,0.7890625,0.9609375
masked_normalize,masked_normalize,167,0.000657344864521292,0.0791015625,0.0232696533203125,0.76953125,0.97265625
masked_normalize,masked_normalize,168,-0.0006199446193022595,0.072265625,0.025172710418701172,0.7421875,0.94140625
masked_normalize,masked_normalize,169,0.00027988797819489264,0.07568359375,0.023712873458862305,0.78125,0.953125
masked_normalize,masked_normalize,170,0.0003482049046397151,0.055419921875,0.0240020751953125,0.76953125,0.9296875
masked_normalize,masked_normalize,171,-0.0001478962668670647,0.08349609375,0.027747392654418945,0.78515625,0.97265625
masked_normalize,masked_normalize,172,-0.0003479107390376157,0.0673828125,0.027553319931030273,0.828125,0.98828125
masked_normalize,masked_normalize,173,-5.3756359875478665e-05,0.076171875,0.023380279541015625,0.65625,0.9609375
masked_normalize,masked_normalize,174,0.0002796510575535649,0.080078125,0.02269577980041504,0.66015625,0.9296875
masked_normalize,masked_normalize,175,-0.0002672155764003037,0.06494140625,0.022531509399414062,0.6484375,0.90625
masked_normalize,masked_normalize,176,-0.0007032278822407534,0.076171875,0.02667522430419922,0.6953125,0.91015625
masked_normalize,masked_normalize,177,-0.0007088753129664838,0.06005859375,0.03263425827026367,0.671875,0.859375
masked_normalize,masked_normalize,178,4.7776416522538057e-05,0.06298828125,0.02891826629638672,0.72265625,0.93359375
masked_normalize,masked_normalize,179,-0.0008392752106374246,0.06591796875,0.027665138244628906,0.75390625,0.9296875
masked_normalize,masked_normalize,180,-0.0003378463725312031,0.06494140625,0.02432394027709961,0.84765625,0.953125
masked_normalize,masked_normalize,181,-0.00017161202913484885,0.07763671875,0.030419349670410156,0.609375,0.83203125
masked_normalize,masked_normalize,182,-0.0006607585673918948,0.080078125,0.031557559967041016,0.71484375,0.90625
masked_normalize,masked_normalize,183,-0.0006594015553673671,0.06494140625,0.02673053741455078,0.875,0.95703125
masked_normalize,masked_normalize,184,-0.0001256211039617483,0.05322265625,0.03229999542236328,0.7265625,0.89453125
masked_normalize,masked_normalize,185,-0.0006897705964092893,0.06591796875,0.034267425537109375,0.84765625,0.9609375
masked_normalize,masked_normalize,186,-0.00022156892646307824,0.055908203125,0.032018184661865234,0.8203125,0.93359375
masked_normalize,masked_normalize,187,0.00011330673714837758,0.044921875,0.0322422981262207,0.89453125,0.953125
masked_normalize,masked_normalize,188,-0.0009403545982422656,0.041015625,0.03717803955078125,0.72265625,0.9296875
masked_normalize,masked_normalize,189,-0.0005163334435565048,0.0673828125,0.03435325622558594,0.7578125,0.9140625
masked_normalize,masked_normalize,190,-0.0008570294367018505,0.061767578125,0.039507389068603516,0.66015625,0.85546875
masked_normalize,masked_normalize,191,-0.0007911136872280622,0.05712890625,0.034389495849609375,0.70703125,0.89453125
masked_normalize,masked_normalize,192,-0.0004317929983699287,0.04931640625,0.030019283294677734,0.8515625,0.9609375
masked_normalize,masked_normalize,193,-0.00027072348075307673,0.053955078125,0.037366390228271484,0.83984375,0.953125
masked_normalize,masked_normalize,194,-0.0004930762179355952,0.0556640625,0.03608417510986328,0.71484375,0.90625
masked_normalize,masked_normalize,195,-0.0005222927175054792,0.0615234375,0.035831451416015625,0.6484375,0.8828125
masked_normalize,masked_normalize,196,-0.000437132230217685,0.07373046875,0.03625202178955078,0.578125,0.828125
masked_normalize,masked_normalize,197,-0.00024121782007568981,0.06689453125,0.03534364700317383,0.76171875,0.91796875
masked_normalize,masked_normalize,198,-0.0009838430960371625,0.05224609375,0.031824588775634766,0.65625,0.82421875
masked_normalize,masked_normalize,199,-0.0005956445802439703,0.06689453125,0.031785011291503906,0.59765625,0.82421875
masked_normalize,masked_normalize,200,-0.0003743524921446806,0.06494140625,0.02819538116455078,0.796875,0.91796875
batch_token_mean,batch_token_mean,1,-0.016270242937025614,0.061279296875,0.923675537109375,0.015625,0.1796875
batch_token_mean,batch_token_mean,2,-0.03541393913292268,0.4375,0.39664649963378906,0.1796875,0.578125
batch_token_mean,batch_token_mean,3,-0.03848506521535455,0.412109375,0.330413818359375,0.1796875,0.65234375
batch_token_mean,batch_token_mean,4,-0.04466362538005342,0.6484375,0.47748565673828125,0.28515625,0.90234375
batch_token_mean,batch_token_mean,5,-0.02224086607748177,0.71484375,0.3990135192871094,0.2734375,0.9296875
batch_token_mean,batch_token_mean,6,-0.04279369319920079,0.546875,0.4236297607421875,0.26953125,0.96875
batch_token_mean,batch_token_mean,7,-0.008333568609032227,0.890625,0.2605133056640625,0.328125,0.953125
batch_token_mean,batch_token_mean,8,-0.02150439611523325,0.7265625,0.205841064453125,0.33984375,0.96484375
batch_token_mean,batch_token_mean,9,-0.010378476262303593,0.76953125,0.164459228515625,0.32421875,0.94921875
batch_token_mean,batch_token_mean,10,-0.01178980753866199,1.0703125,0.18043899536132812,0.30078125,0.91015625
batch_token_mean,batch_token_mean,11,-0.010658084313945437,0.76171875,0.13573360443115234,0.31640625,0.9296875
batch_token_mean,batch_token_mean,12,-0.007819044410553033,0.9140625,0.13243675231933594,0.4296875,0.9375
batch_token_mean,batch_token_mean,13,-0.0006090717233746545,0.57421875,0.11752796173095703,0.48046875,0.89453125
batch_token_mean,batch_token_mean,14,-0.009899992575810757,0.6640625,0.14560317993164062,0.41796875,0.86328125
batch_token_mean,batch_token_mean,15,-0.0028684096560027683,0.62109375,0.12416458129882812,0.27734375,0.9609375
batch_token_mean,batch_token_mean,16,-0.009032496927829925,0.61328125,0.13618850708007812,0.35546875,0.87109375
batch_token_mean,batch_token_mean,17,-0.010284108193445718,0.69140625,0.12176322937011719,0.33984375,0.83203125
batch_token_mean,batch_token_mean,18,-0.01271207746140135,0.6171875,0.13575363159179688,0.34765625,0.84375
batch_token_mean,batch_token_mean,19,-0.02456872980837943,0.8359375,0.10431385040283203,0.5390625,0.8984375
batch_token_mean,batch_token_mean,20,-0.012908263872304815,0.6484375,0.14241981506347656,0.38671875,0.86328125
batch_token_mean,batch_token_mean,21,-0.013005718811200495,0.6484375,0.1413593292236328,0.3515625,0.87890625
batch_token_mean,batch_token_mean,22,-0.00979835767429904,0.462890625,0.1433277130126953,0.46484375,0.92578125
batch_token_mean,batch_token_mean,23,-0.007888246933362097,0.4296875,0.1470203399658203,0.50390625,0.9296875
batch_token_mean,batch_token_mean,24,-0.006613067079342727,0.51171875,0.14596176147460938,0.5078125,0.94140625
batch_token_mean,batch_token_mean,25,-0.00699691831346172,0.462890625,0.1204681396484375,0.51953125,0.94921875
batch_token_mean,batch_token_mean,26,-0.0025296983403677586,0.484375,0.14251708984375,0.49609375,0.94921875
batch_token_mean,batch_token_mean,27,-0.012464128083024661,0.318359375,0.1412944793701172,0.62109375,0.9453125
batch_token_mean,batch_token_mean,28,-0.015618297156379413,0.3671875,0.13263702392578125,0.6640625,0.921875
batch_token_mean,batch_token_mean,29,0.0014990638069320994,0.21875,0.16168212890625,0.5859375,0.92578125
batch_token_mean,batch_token_mean,30,-0.0038298175550153246,0.1845703125,0.14804840087890625,0.5625,0.93359375
batch_token_mean,batch_token_mean,31,-0.012922821057145484,0.236328125,0.16577911376953125,0.62109375,0.95703125
batch_token_mean,batch_token_mean,32,-0.008440685960522387,0.251953125,0.16608047485351562,0.62890625,0.9453125
batch_token_mean,batch_token_mean,33,-0.010064974741908372,0.1884765625,0.1638784408569336,0.62109375,0.92578125
batch_token_mean,batch_token_mean,34,0.002813726723616128,0.208984375,0.15738296508789062,0.60546875,0.92578125
batch_token_mean,batch_token_mean,35,-0.0199683961923256,0.1904296875,0.18709564208984375,0.5234375,0.9453125
batch_token_mean,batch_token_mean,36,-0.014677132574433926,0.185546875,0.197906494140625,0.50390625,0.91796875
batch_token_mean,batch_token_mean,37,-0.004010607066447847,0.2041015625,0.16103172302246094,0.58984375,0.8828125
batch_token_mean,batch_token_mean,38,-0.018317752776056295,0.1943359375,0.17690277099609375,0.6328125,0.9140625
batch_token_mean,batch_token_mean,39,-0.013272443457026384,0.212890625,0.15850257873535156,0.64453125,0.9453125
batch_token_mean,batch_token_mean,40,-0.006206679323440767,0.158203125,0.17528152465820312,0.56640625,0.92578125
batch_token_mean,batch_token_mean,41,-0.0121913351222247,0.19921875,0.17037391662597656,0.6484375,0.92578125
batch_token_mean,batch_token_mean,42,-0.015152492418565089,0.1611328125,0.180145263671875,0.55078125,0.91796875
batch_token_mean,batch_token_mean,43,-0.01590847315856081,0.1728515625,0.13225936889648438,0.66796875,0.9453125
batch_token_mean,batch_token_mean,44,-0.004062482537847245,0.1318359375,0.15829849243164062,0.58984375,0.9609375
batch_token_mean,batch_token_mean,45,-0.005604300651611993,0.12060546875,0.15548324584960938,0.54296875,0.93359375
batch_token_mean,batch_token_mean,46,-0.00447896178911833,0.142578125,0.161346435546875,0.5078125,0.921875
batch_token_mean,batch_token_mean,47,-0.011890537811268587,0.17578125,0.15811920166015625,0.6015625,0.96875
batch_token_mean,batch_token_mean,48,-0.008738359781546023,0.1005859375,0.13104820251464844,0.55859375,0.88671875
batch_token_mean,batch_token_mean,49,-0.003593456774524384,0.158203125,0.1375598907470703,0.5703125,0.9609375
batch_token_mean,batch_token_mean,50,-0.004636221643522731,0.12109375,0.1360759735107422,0.7109375,0.94140625
batch_token_mean,batch_token_mean,51,-0.00540541482109802,0.1640625,0.12498855590820312,0.66015625,0.9453125
batch_token_mean,batch_token_mean,52,-0.003996822855697246,0.158203125,0.12078475952148438,0.75390625,0.953125
batch_token_mean,batch_token_mean,53,-0.006124626877863193,0.1689453125,0.10735130310058594,0.7265625,0.9453125
batch_token_mean,batch_token_mean,54,-0.0089966801351693,0.1455078125,0.1223907470703125,0.59765625,0.96484375
batch_token_mean,batch_token_mean,55,-0.004647243516956223,0.1376953125,0.11195564270019531,0.7890625,0.984375
batch_token_mean,batch_token_mean,56,-0.0031392602359119337,0.1455078125,0.11572837829589844,0.61328125,0.91796875
batch_token_mean,batch_token_mean,57,-0.007457481162418844,0.1796875,0.09886360168457031,0.734375,0.95703125
batch_token_mean,batch_token_mean,58,-0.007307284703983896,0.1357421875,0.11991310119628906,0.69140625,0.921875
batch_token_mean,batch_token_mean,59,-0.0008177973850251874,0.1650390625,0.10445785522460938,0.70703125,0.97265625
batch_token_mean,batch_token_mean,60,-0.0025231954241462518,0.1533203125,0.11585426330566406,0.53515625,0.94140625
batch_token_mean,batch_token_mean,61,-0.008824129407003056,0.134765625,0.09726715087890625,0.765625,0.96875
batch_token_mean,batch_token_mean,62,-0.005795096283691237,0.1591796875,0.10875892639160156,0.75,0.96875
batch_token_mean,batch_token_mean,63,-0.004023056790174451,0.146484375,0.10626220703125,0.74609375,0.953125
batch_token_mean,batch_token_mean,64,-0.0077153378809563435,0.1572265625,0.10652828216552734,0.58203125,0.91796875
batch_token_mean,batch_token_mean,65,-0.005802042263894691,0.1884765625,0.10809898376464844,0.7421875,0.93359375
batch_token_mean,batch_token_mean,66,-0.0029682630174647784,0.1279296875,0.09161376953125,0.76953125,0.953125
batch_token_mean,batch_token_mean,67,-0.002387511137385445,0.1416015625,0.10501480102539062,0.6328125,0.921875
batch_token_mean,batch_token_mean,68,-0.008557329667382874,0.1982421875,0.12145233154296875,0.65625,0.96484375
batch_token_mean,batch_token_mean,69,-0.00783500133184134,0.16796875,0.09477615356445312,0.78515625,0.9296875
batch_token_mean,batch_token_mean,70,-0.0019088339613517746,0.1728515625,0.09130191802978516,0.67578125,0.953125
batch_token_mean,batch_token_mean,71,0.00025624011004765634,0.11865234375,0.11051368713378906,0.51953125,0.8984375
batch_token_mean,batch_token_mean,72,-0.005067918606073363,0.1513671875,0.08854866027832031,0.7265625,0.90625
batch_token_mean,batch_token_mean,73,-0.0037906678298895713,0.1376953125,0.08086442947387695,0.68359375,0.93359375
batch_token_mean,batch_token_mean,74,-0.005024715992931306,0.1943359375,0.07463359832763672,0.69921875,0.94921875
batch_token_mean,batch_token_mean,75,0.00368673436250333,0.1474609375,0.05808067321777344,0.8046875,0.96484375
batch_token_mean,batch_token_mean,76,-0.0015044726906126016,0.189453125,0.05753183364868164,0.734375,0.9375
batch_token_mean,batch_token_mean,77,-0.005513055972642178,0.201171875,0.05062294006347656,0.65234375,0.8984375
batch_token_mean,batch_token_mean,78,-0.002609706053590344,0.2138671875,0.056960105895996094,0.75390625,0.96875
batch_token_mean,batch_token_mean,79,-0.006612793430576858,0.28125,0.041665077209472656,0.71875,0.97265625
batch_token_mean,batch_token_mean,80,-0.005356726893296582,0.400390625,0.053771018981933594,0.74609375,0.9765625
batch_token_mean,batch_token_mean,81,-0.0024305832430400187,0.158203125,0.04698657989501953,0.765625,0.953125
batch_token_mean,batch_token_mean,82,0.000557733613277378,0.2080078125,0.042012691497802734,0.71875,0.96875
batch_token_mean,batch_token_mean,83,-0.0017325586368315271,0.18359375,0.041773319244384766,0.76953125,0.9609375
batch_token_mean,batch_token_mean,84,0.001194479890727962,0.1669921875,0.044499874114990234,0.546875,0.91796875
batch_token_mean,batch_token_mean,85,-0.0032908133316595922,0.251953125,0.039913177490234375,0.64453125,0.96484375
batch_token_mean,batch_token_mean,86,-0.002730910506215878,0.236328125,0.03626203536987305,0.7265625,0.98046875
batch_token_mean,batch_token_mean,87,-0.0011633957456069766,0.181640625,0.03482198715209961,0.82421875,0.94140625
batch_token_mean,batch_token_mean,88,-0.0038484069054902648,0.19140625,0.043071627616882324,0.73046875,0.93359375
batch_token_mean,batch_token_mean,89,-0.003366171019479225,0.150390625,0.04593849182128906,0.7734375,0.9453125
batch_token_mean,batch_token_mean,90,-0.003350152483108104,0.158203125,0.03531789779663086,0.890625,0.95703125
batch_token_mean,batch_token_mean,91,-0.0009297750675614225,0.1630859375,0.038082122802734375,0.640625,0.87890625
batch_token_mean,batch_token_mean,92,7.798887372700847e-05,0.2392578125,0.0391850471496582,0.609375,0.8984375
batch_token_mean,batch_token_mean,93,-0.003887348271746305,0.1923828125,0.031583309173583984,0.77734375,0.9453125
batch_token_mean,batch_token_mean,94,-0.002598501257125463,0.212890625,0.03241157531738281,0.7890625,0.91015625
batch_token_mean,batch_token_mean,95,-0.0005415810428530676,0.2080078125,0.03444099426269531,0.79296875,0.88671875
batch_token_mean,batch_token_mean,96,-0.0017521440186101245,0.177734375,0.03150463104248047,0.76171875,0.89453125
batch_token_mean,batch_token_mean,97,-0.002255847414744494,0.197265625,0.03304004669189453,0.7421875,0.9296875
batch_token_mean,batch_token_mean,98,-0.0008378230368180084,0.201171875,0.027585506439208984,0.6875,0.8828125
batch_token_mean,batch_token_mean,99,-7.351376007136423e-05,0.2041015625,0.027770042419433594,0.7109375,0.890625
batch_token_mean,batch_token_mean,100,-0.000682306013914058,0.265625,0.0290069580078125,0.7578125,0.92578125
batch_token_mean,batch_token_mean,101,-1.1910708963114303e-05,0.1591796875,0.027511119842529297,0.6171875,0.86328125
batch_token_mean,batch_token_mean,102,-2.6219282517558895e-05,0.2197265625,0.033847808837890625,0.75390625,0.94921875
batch_token_mean,batch_token_mean,103,-0.004561079385894118,0.177734375,0.031873226165771484,0.76171875,0.921875
batch_token_mean,batch_token_mean,104,-0.0047958626919353264,0.189453125,0.025094270706176758,0.78125,0.9140625
batch_token_mean,batch_token_mean,105,-0.0016794136281532701,0.255859375,0.027454376220703125,0.78125,0.9296875
batch_token_mean,batch_token_mean,106,-0.001465235047362512,0.20703125,0.025686264038085938,0.76171875,0.8984375
batch_token_mean,batch_token_mean,107,0.0010143657127628103,0.1728515625,0.027681350708007812,0.7578125,0.87890625
batch_token_mean,batch_token_mean,108,-0.0008216401511162985,0.1708984375,0.03026294708251953,0.66015625,0.89453125
batch_token_mean,batch_token_mean,109,-0.0003019155319634592,0.2138671875,0.02774524688720703,0.59375,0.8984375
batch_token_mean,batch_token_mean,110,-0.00157073844320621,0.2001953125,0.028417110443115234,0.8125,0.95703125
batch_token_mean,batch_token_mean,111,-4.080484086443903e-05,0.1806640625,0.02511739730834961,0.55078125,0.86328125
batch_token_mean,batch_token_mean,112,-0.001283080948269344,0.2099609375,0.023216724395751953,0.7578125,0.90234375
batch_token_mean,batch_token_mean,113,-0.00020222360457091272,0.185546875,0.024031639099121094,0.76953125,0.984375
batch_token_mean,batch_token_mean,114,9.540574637867394e-05,0.177734375,0.0234527587890625,0.71484375,0.91796875
batch_token_mean,batch_token_mean,115,-0.001697365470135992,0.1826171875,0.028027057647705078,0.70703125,0.953125
batch_token_mean,batch_token_mean,116,-0.0003784834220823541,0.2294921875,0.026952266693115234,0.6484375,0.92578125
batch_token_mean,batch_token_mean,117,-0.0005361829898902215,0.1943359375,0.02856731414794922,0.7421875,0.92578125
batch_token_mean,batch_token_mean,118,-0.00016851535701789544,0.1904296875,0.030528545379638672,0.73828125,0.9609375
batch_token_mean,batch_token_mean,119,-0.001524789804534521,0.2138671875,0.026992321014404297,0.7890625,0.984375
batch_token_mean,batch_token_mean,120,-0.0001109193462980329,0.2734375,0.04104042053222656,0.53125,0.98828125
batch_token_mean,batch_token_mean,121,-0.001268271733806614,0.259765625,0.032753944396972656,0.71484375,0.94921875
batch_token_mean,batch_token_mean,122,-0.0018140315703476517,0.23828125,0.03297138214111328,0.46875,0.96484375
batch_token_mean,batch_token_mean,123,-0.0004028892190035549,0.2275390625,0.03076338768005371,0.6875,0.9140625
batch_token_mean,batch_token_mean,124,-0.0004850327504755114,0.2314453125,0.026784896850585938,0.83984375,0.98828125
batch_token_mean,batch_token_mean,125,0.000668304150167387,0.255859375,0.033757686614990234,0.6796875,0.984375
batch_token_mean,batch_token_mean,126,-0.0006105560710238933,0.216796875,0.03460884094238281,0.68359375,0.9765625
batch_token_mean,batch_token_mean,127,-0.0011508870920806658,0.197265625,0.03214120864868164,0.7109375,0.9765625
batch_token_mean,batch_token_mean,128,-0.0008639103591576713,0.2890625,0.03184318542480469,0.72265625,0.97265625
batch_token_mean,batch_token_mean,129,-0.0010834439189011391,0.26171875,0.028319835662841797,0.7109375,0.97265625
batch_token_mean,batch_token_mean,130,-0.0005701910431525903,0.232421875,0.02721261978149414,0.71484375,0.95703125
batch_token_mean,batch_token_mean,131,-0.0008233722652448705,0.23828125,0.02903127670288086,0.671875,0.9375
batch_token_mean,batch_token_mean,132,-0.0004513303210842423,0.2060546875,0.02366805076599121,0.703125,0.9296875
batch_token_mean,batch_token_mean,133,-0.0004791304672835395,0.28125,0.026185989379882812,0.69140625,0.94140625
batch_token_mean,batch_token_mean,134,-0.0004645408795909134,0.248046875,0.022904396057128906,0.67578125,0.96484375
batch_token_mean,batch_token_mean,135,0.00021818810182594461,0.181640625,0.02083873748779297,0.75,0.921875
batch_token_mean,batch_token_mean,136,-0.003067688372084376,0.2431640625,0.020205020904541016,0.796875,0.98046875
batch_token_mean,batch_token_mean,137,-0.00019617895713963662,0.244140625,0.026629924774169922,0.71484375,0.9609375
batch_token_mean,batch_token_mean,138,-0.00037120744673302397,0.2373046875,0.022265911102294922,0.8359375,0.96875
batch_token_mean,batch_token_mean,139,-0.0006903716202941723,0.1767578125,0.021818161010742188,0.8046875,0.9921875
batch_token_mean,batch_token_mean,140,-0.000342696894222172,0.1943359375,0.026010513305664062,0.61328125,0.9375
batch_token_mean,batch_token_mean,141,-0.0020039187068050524,0.251953125,0.023945331573486328,0.72265625,0.9609375
batch_token_mean,batch_token_mean,142,-0.0008069262048593373,0.2353515625,0.026050567626953125,0.70703125,0.93359375
batch_token_mean,batch_token_mean,143,-0.0011176841317137587,0.240234375,0.026081562042236328,0.8359375,0.9453125
batch_token_mean,batch_token_mean,144,-0.0004843680144404061,0.19140625,0.023882389068603516,0.640625,0.9609375
batch_token_mean,batch_token_mean,145,0.00023093458094081143,0.2294921875,0.026373863220214844,0.69921875,0.95703125
batch_token_mean,batch_token_mean,146,-0.0008003373654901225,0.2392578125,0.023029327392578125,0.7109375,0.96484375
batch_token_mean,batch_token_mean,147,-0.0005184289593671565,0.197265625,0.02458357810974121,0.71484375,0.97265625
batch_token_mean,batch_token_mean,148,-0.0007337917609220312,0.2890625,0.022621631622314453,0.734375,0.9609375
batch_token_mean,batch_token_mean,149,-0.0005372330645059264,0.21875,0.024456262588500977,0.6640625,0.9296875
batch_token_mean,batch_token_mean,150,-0.0018074329464070615,0.296875,0.025449752807617188,0.6796875,0.9765625
batch_token_mean,batch_token_mean,151,-0.000614276830901872,0.21875,0.02283954620361328,0.671875,0.9609375
batch_token_mean,batch_token_mean,152,-0.00048725291298978846,0.27734375,0.025791168212890625,0.73828125,0.984375
batch_token_mean,batch_token_mean,153,9.460487854084931e-05,0.283203125,0.02499675750732422,0.83984375,0.97265625
batch_token_mean,batch_token_mean,154,-0.0010207546747551532,0.265625,0.023525714874267578,0.75,0.96875
batch_token_mean,batch_token_mean,155,1.8319290575163905e-05,0.20703125,0.023874759674072266,0.75390625,0.9921875
batch_token_mean,batch_token_mean,156,-0.0003506378615156791,0.267578125,0.024909019470214844,0.86328125,0.984375
batch_token_mean,batch_token_mean,157,-0.0009868700670949693,0.26171875,0.021389007568359375,0.62890625,0.93359375
batch_token_mean,batch_token_mean,158,0.0007764545398458722,0.3046875,0.024026870727539062,0.7578125,0.94921875
batch_token_mean,batch_token_mean,159,-0.0005701498130292748,0.16015625,0.02087688446044922,0.65625,0.92578125
batch_token_mean,batch_token_mean,160,-0.00018150228640611632,0.1904296875,0.021472930908203125,0.50390625,0.890625
batch_token_mean,batch_token_mean,161,0.0003412395981285954,0.2333984375,0.02263021469116211,0.75,0.94140625
batch_token_mean,batch_token_mean,162,-0.001606311137038574,0.287109375,0.025636672973632812,0.8046875,0.98828125
batch_token_mean,batch_token_mean,163,-0.0010171332232857822,0.1865234375,0.02069854736328125,0.7578125,0.875
batch_token_mean,batch_token_mean,164,0.00044056738988729194,0.2353515625,0.026405811309814453,0.640625,0.90234375
batch_token_mean,batch_token_mean,165,-0.0007585668629417341,0.27734375,0.027165889739990234,0.66796875,0.9765625
batch_token_mean,batch_token_mean,166,0.00012759750029545103,0.287109375,0.027926921844482422,0.69140625,0.9609375
batch_token_mean,batch_token_mean,167,-0.0010008427161665168,0.2373046875,0.02644634246826172,0.6953125,0.984375
batch_token_mean,batch_token_mean,168,-0.0006127021842985414,0.248046875,0.029131412506103516,0.69921875,0.97265625
batch_token_mean,batch_token_mean,169,-9.450205197936157e-06,0.302734375,0.02617931365966797,0.7265625,0.9921875
batch_token_mean,batch_token_mean,170,-0.0007441477091560955,0.271484375,0.025620460510253906,0.73046875,0.98828125
batch_token_mean,batch_token_mean,171,-0.0007368105616478715,0.28515625,0.02443838119506836,0.80078125,0.98828125
batch_token_mean,batch_token_mean,172,0.0003560029472282622,0.2412109375,0.02731466293334961,0.76171875,0.99609375
batch_token_mean,batch_token_mean,173,-0.00041590894579712767,0.2080078125,0.024596691131591797,0.69140625,0.98046875
batch_token_mean,batch_token_mean,174,-0.0002897976553413173,0.271484375,0.022849082946777344,0.67578125,0.97265625
batch_token_mean,batch_token_mean,175,0.0009660563295881275,0.216796875,0.024652957916259766,0.65625,0.9765625
batch_token_mean,batch_token_mean,176,0.0007473569128251256,0.314453125,0.02574777603149414,0.703125,0.9765625
batch_token_mean,batch_token_mean,177,0.0001672888761277136,0.2001953125,0.023658275604248047,0.59765625,0.91015625
batch_token_mean,batch_token_mean,178,-0.0008391095925617265,0.11669921875,0.02174520492553711,0.71484375,0.93359375
batch_token_mean,batch_token_mean,179,-0.000749840670323465,0.1767578125,0.022116422653198242,0.7578125,0.98046875
batch_token_mean,batch_token_mean,180,-0.0013435360658604623,0.1787109375,0.020209550857543945,0.78125,0.96875
batch_token_mean,batch_token_mean,181,-0.0011263972696724522,0.1552734375,0.022169113159179688,0.69921875,0.9375
batch_token_mean,batch_token_mean,182,-0.0014633899695581931,0.1982421875,0.023183822631835938,0.78125,0.95703125
batch_token_mean,batch_token_mean,183,-0.0011084196993351725,0.1982421875,0.02019810676574707,0.81640625,0.9453125
batch_token_mean,batch_token_mean,184,-0.00028900684878863103,0.1728515625,0.023251771926879883,0.70703125,0.91796875
batch_token_mean,batch_token_mean,185,-0.0006743743897459353,0.1689453125,0.022274017333984375,0.875,0.98828125
batch_token_mean,batch_token_mean,186,-0.00015848986549826805,0.16796875,0.019102811813354492,0.79296875,0.9453125
batch_token_mean,batch_token_mean,187,-0.00024805092925817007,0.1484375,0.019832849502563477,0.9140625,0.984375
batch_token_mean,batch_token_mean,188,-0.0004934437247356982,0.1474609375,0.02620553970336914,0.75390625,0.9296875
batch_token_mean,batch_token_mean,189,-0.0008165461736098223,0.1748046875,0.021540403366088867,0.82421875,0.9375
batch_token_mean,batch_token_mean,190,-0.00030255440969995107,0.1806640625,0.026496410369873047,0.69921875,0.98046875
batch_token_mean,batch_token_mean,191,-2.068456251436146e-05,0.1748046875,0.02097487449645996,0.80078125,0.984375
batch_token_mean,batch_token_mean,192,-0.0001557910563860787,0.109375,0.0183868408203125,0.8828125,0.99609375
batch_token_mean,batch_token_mean,193,-0.00042118149758607615,0.205078125,0.021764278411865234,0.828125,0.98828125
batch_token_mean,batch_token_mean,194,-0.000893742854714219,0.251953125,0.02374887466430664,0.69921875,0.95703125
batch_token_mean,batch_token_mean,195,-0.0004846101792281843,0.162109375,0.02109348773956299,0.6484375,0.94921875
batch_token_mean,batch_token_mean,196,-0.0010244583418170805,0.189453125,0.025018930435180664,0.625,0.90625
batch_token_mean,batch_token_mean,197,0.0004015502895526879,0.20703125,0.02366042137145996,0.85546875,0.99609375
batch_token_mean,batch_token_mean,198,0.0005292735795592307,0.208984375,0.023046016693115234,0.68359375,0.953125
batch_token_mean,batch_token_mean,199,-0.00010144090174435405,0.2216796875,0.022292137145996094,0.62890625,0.91796875
batch_token_mean,batch_token_mean,200,-0.000760671088755771,0.193359375,0.019554853439331055,0.78125,0.96875
