run,prompt_template,reward_fn,grpo_step,loss,grad_norm,token_entropy,train_answer_accuracy,train_format_accuracy
r1_zero_reference,cs336_alignment/prompts/r1_zero.prompt,r1_zero,1,-0.007478122046450153,0.263671875,0.923675537109375,0.015625,0.1796875
r1_zero_reference,cs336_alignment/prompts/r1_zero.prompt,r1_zero,2,-0.04090298879600596,1.7265625,0.3959197998046875,0.2109375,0.78125
r1_zero_reference,cs336_alignment/prompts/r1_zero.prompt,r1_zero,3,-0.012850863538915291,1.8984375,0.2418365478515625,0.30859375,0.765625
r1_zero_reference,cs336_alignment/prompts/r1_zero.prompt,r1_zero,4,-0.0279774360024021,1.34375,0.2631874084472656,0.3046875,0.83203125
r1_zero_reference,cs336_alignment/prompts/r1_zero.prompt,r1_zero,5,-0.01564000658254372,0.95703125,0.25102996826171875,0.28515625,0.87109375
r1_zero_reference,cs336_alignment/prompts/r1_zero.prompt,r1_zero,6,-0.003059819260670338,0.83203125,0.29869842529296875,0.27734375,0.85546875
r1_zero_reference,cs336_alignment/prompts/r1_zero.prompt,r1_zero,7,-0.025119628102402203,0.91015625,0.30651092529296875,0.3828125,0.85546875
r1_zero_reference,cs336_alignment/prompts/r1_zero.prompt,r1_zero,8,-0.015067455649841577,0.80078125,0.30216217041015625,0.3359375,0.9140625
r1_zero_reference,cs336_alignment/prompts/r1_zero.prompt,r1_zero,9,-0.015654136579541955,0.7734375,0.2726402282714844,0.3828125,0.9296875
r1_zero_reference,cs336_alignment/prompts/r1_zero.prompt,r1_zero,10,-0.029345786955673248,1.0234375,0.2892570495605469,0.38671875,0.9453125
r1_zero_reference,cs336_alignment/prompts/r1_zero.prompt,r1_zero,11,-0.015246818453306332,1.1796875,0.20987701416015625,0.3671875,0.953125
r1_zero_reference,cs336_alignment/prompts/r1_zero.prompt,r1_zero,12,-0.013161672701244242,0.78515625,0.17969894409179688,0.41796875,0.9296875
r1_zero_reference,cs336_alignment/prompts/r1_zero.prompt,r1_zero,13,-0.005954450156423263,0.94921875,0.1385211944580078,0.4453125,0.90625
r1_zero_reference,cs336_alignment/prompts/r1_zero.prompt,r1_zero,14,-0.02317702895743423,1.0625,0.1614208221435547,0.4375,0.92578125
r1_zero_reference,cs336_alignment/prompts/r1_zero.prompt,r1_zero,15,-0.0038449128551292233,0.77734375,0.16402149200439453,0.35546875,0.96484375
r1_zero_reference,cs336_alignment/prompts/r1_zero.prompt,r1_zero,16,-0.011482541292934911,1.2265625,0.13689804077148438,0.40625,0.94140625
r1_zero_reference,cs336_alignment/prompts/r1_zero.prompt,r1_zero,17,-0.004583211521094199,0.81640625,0.13710975646972656,0.4140625,0.953125
r1_zero_reference,cs336_alignment/prompts/r1_zero.prompt,r1_zero,18,-0.008378751372219995,1.0078125,0.16572189331054688,0.453125,0.93359375
r1_zero_reference,cs336_alignment/prompts/r1_zero.prompt,r1_zero,19,-0.011153622672281926,0.6640625,0.13896942138671875,0.61328125,0.921875
r1_zero_reference,cs336_alignment/prompts/r1_zero.prompt,r1_zero,20,-0.007310843204322737,0.466796875,0.1278553009033203,0.49609375,0.921875
r1_zero_reference,cs336_alignment/prompts/r1_zero.prompt,r1_zero,21,-0.007784363810060313,0.6015625,0.1424236297607422,0.48828125,0.90625
r1_zero_reference,cs336_alignment/prompts/r1_zero.prompt,r1_zero,22,-0.003949632104195189,0.466796875,0.1406230926513672,0.51171875,0.8984375
r1_zero_reference,cs336_alignment/prompts/r1_zero.prompt,r1_zero,23,-0.005360956271942996,0.369140625,0.12769699096679688,0.5859375,0.9140625
r1_zero_reference,cs336_alignment/prompts/r1_zero.prompt,r1_zero,24,-0.005764754932897631,0.447265625,0.12030410766601562,0.55078125,0.9375
r1_zero_reference,cs336_alignment/prompts/r1_zero.prompt,r1_zero,25,-0.011011522077751579,0.318359375,0.1250457763671875,0.59765625,0.92578125
r1_zero_reference,cs336_alignment/prompts/r1_zero.prompt,r1_zero,26,-0.008596498464612523,0.2412109375,0.13929367065429688,0.61328125,0.9140625
r1_zero_reference,cs336_alignment/prompts/r1_zero.prompt,r1_zero,27,-0.00443628064749646,0.279296875,0.11414909362792969,0.62890625,0.93359375
r1_zero_reference,cs336_alignment/prompts/r1_zero.prompt,r1_zero,28,-0.0030745065269002225,0.361328125,0.12334251403808594,0.63671875,0.890625
r1_zero_reference,cs336_alignment/prompts/r1_zero.prompt,r1_zero,29,-0.008869787605362944,0.423828125,0.11585235595703125,0.59765625,0.90234375
r1_zero_reference,cs336_alignment/prompts/r1_zero.prompt,r1_zero,30,-0.0023500851239077747,0.2373046875,0.11034107208251953,0.59765625,0.87890625
r1_zero_reference,cs336_alignment/prompts/r1_zero.prompt,r1_zero,31,-0.003312610764623969,0.25,0.12013816833496094,0.66015625,0.91015625
r1_zero_reference,cs336_alignment/prompts/r1_zero.prompt,r1_zero,32,0.0025084501448873198,0.21875,0.12280082702636719,0.69921875,0.9375
r1_zero_reference,cs336_alignment/prompts/r1_zero.prompt,r1_zero,33,-0.007217235939606326,0.37109375,0.12548446655273438,0.625,0.94921875
r1_zero_reference,cs336_alignment/prompts/r1_zero.prompt,r1_zero,34,-0.004618408616806846,0.205078125,0.1461048126220703,0.60546875,0.8828125
r1_zero_reference,cs336_alignment/prompts/r1_zero.prompt,r1_zero,35,-0.010862971750611905,0.2578125,0.14098644256591797,0.6015625,0.9375
r1_zero_reference,cs336_alignment/prompts/r1_zero.prompt,r1_zero,36,-0.006425730029150145,0.2080078125,0.14603042602539062,0.5078125,0.91796875
r1_zero_reference,cs336_alignment/prompts/r1_zero.prompt,r1_zero,37,-0.0011218741128686816,0.263671875,0.13605308532714844,0.69140625,0.93359375
r1_zero_reference,cs336_alignment/prompts/r1_zero.prompt,r1_zero,38,-0.0077062227501301095,0.25,0.15274810791015625,0.65234375,0.9140625
r1_zero_reference,cs336_alignment/prompts/r1_zero.prompt,r1_zero,39,-0.0038835827144794166,0.201171875,0.11304092407226562,0.73046875,0.92578125
r1_zero_reference,cs336_alignment/prompts/r1_zero.prompt,r1_zero,40,-0.003566579460311914,0.5625,0.14833831787109375,0.6171875,0.9140625
r1_zero_reference,cs336_alignment/prompts/r1_zero.prompt,r1_zero,41,-0.003497599776892457,0.42578125,0.11393165588378906,0.70703125,0.95703125
r1_zero_reference,cs336_alignment/prompts/r1_zero.prompt,r1_zero,42,-0.006737460960721364,0.2021484375,0.1170358657836914,0.66796875,0.93359375
r1_zero_reference,cs336_alignment/prompts/r1_zero.prompt,r1_zero,43,-0.003558556167263305,0.189453125,0.08796024322509766,0.70703125,0.921875
r1_zero_reference,cs336_alignment/prompts/r1_zero.prompt,r1_zero,44,-0.0008009708762983792,0.197265625,0.10083580017089844,0.609375,0.9140625
r1_zero_reference,cs336_alignment/prompts/r1_zero.prompt,r1_zero,45,-0.0037074230785947293,0.30859375,0.0898752212524414,0.56640625,0.9296875
r1_zero_reference,cs336_alignment/prompts/r1_zero.prompt,r1_zero,46,-0.0026682077077566646,0.2236328125,0.08523178100585938,0.57421875,0.859375
r1_zero_reference,cs336_alignment/prompts/r1_zero.prompt,r1_zero,47,-0.0029613935039378703,0.205078125,0.07052803039550781,0.76171875,0.96875
r1_zero_reference,cs336_alignment/prompts/r1_zero.prompt,r1_zero,48,-0.000859023737575626,0.2470703125,0.058081626892089844,0.6484375,0.90625
r1_zero_reference,cs336_alignment/prompts/r1_zero.prompt,r1_zero,49,-0.002555724766352796,0.275390625,0.050055503845214844,0.68359375,0.97265625
r1_zero_reference,cs336_alignment/prompts/r1_zero.prompt,r1_zero,50,-0.00450283320788003,0.208984375,0.055809974670410156,0.7421875,0.9453125
r1_zero_reference,cs336_alignment/prompts/r1_zero.prompt,r1_zero,51,-0.0016673892741891905,0.1591796875,0.04726696014404297,0.78125,0.9375
r1_zero_reference,cs336_alignment/prompts/r1_zero.prompt,r1_zero,52,-0.00018596088830236113,0.2265625,0.045445919036865234,0.77734375,0.9375
r1_zero_reference,cs336_alignment/prompts/r1_zero.prompt,r1_zero,53,-0.0026746812604869774,0.263671875,0.04293680191040039,0.7890625,0.92578125
r1_zero_reference,cs336_alignment/prompts/r1_zero.prompt,r1_zero,54,-0.004017804009890824,0.486328125,0.04177141189575195,0.6484375,0.97265625
r1_zero_reference,cs336_alignment/prompts/r1_zero.prompt,r1_zero,55,0.0006238513979042182,0.337890625,0.03777360916137695,0.796875,0.98828125
r1_zero_reference,cs336_alignment/prompts/r1_zero.prompt,r1_zero,56,-0.0020506509354163427,0.27734375,0.04617476463317871,0.62890625,0.875
r1_zero_reference,cs336_alignment/prompts/r1_zero.prompt,r1_zero,57,-0.0007873386275605299,0.4140625,0.03469967842102051,0.77734375,0.9609375
r1_zero_reference,cs336_alignment/prompts/r1_zero.prompt,r1_zero,58,-0.0012719514234049711,0.2470703125,0.04561424255371094,0.7265625,0.9296875
r1_zero_reference,cs336_alignment/prompts/r1_zero.prompt,r1_zero,59,-0.001181464964247425,0.255859375,0.03160810470581055,0.76171875,0.9296875
r1_zero_reference,cs336_alignment/prompts/r1_zero.prompt,r1_zero,60,-0.0014578118398276274,0.1875,0.04005575180053711,0.5546875,0.92578125
r1_zero_reference,cs336_alignment/prompts/r1_zero.prompt,r1_zero,61,-0.0007713884306213004,0.177734375,0.03210735321044922,0.81640625,0.9609375
r1_zero_reference,cs336_alignment/prompts/r1_zero.prompt,r1_zero,62,-0.0003884011966874823,0.326171875,0.03622746467590332,0.76171875,0.9609375
r1_zero_reference,cs336_alignment/prompts/r1_zero.prompt,r1_zero,63,-0.0007361548850894906,0.35546875,0.035521507263183594,0.75,0.9453125
r1_zero_reference,cs336_alignment/prompts/r1_zero.prompt,r1_zero,64,-0.001300159088714281,0.21875,0.03217315673828125,0.56640625,0.83984375
r1_zero_reference,cs336_alignment/prompts/r1_zero.prompt,r1_zero,65,-0.001998053546230949,0.271484375,0.03645515441894531,0.74609375,0.92578125
r1_zero_reference,cs336_alignment/prompts/r1_zero.prompt,r1_zero,66,-0.001747757221437496,0.13671875,0.03463029861450195,0.7734375,0.9453125
r1_zero_reference,cs336_alignment/prompts/r1_zero.prompt,r1_zero,67,-0.00013485195859175292,0.1845703125,0.037672996520996094,0.703125,0.85546875
r1_zero_reference,cs336_alignment/prompts/r1_zero.prompt,r1_zero,68,-0.003069237018280546,0.30078125,0.04004812240600586,0.70703125,0.9296875
r1_zero_reference,cs336_alignment/prompts/r1_zero.prompt,r1_zero,69,-0.0018924925270766835,0.21484375,0.03149986267089844,0.80078125,0.8984375
r1_zero_reference,cs336_alignment/prompts/r1_zero.prompt,r1_zero,70,-0.0011349623655405594,0.181640625,0.03603410720825195,0.6875,0.86328125
r1_zero_reference,cs336_alignment/prompts/r1_zero.prompt,r1_zero,71,-0.0006428612823583535,0.16015625,0.05403757095336914,0.4921875,0.80078125
r1_zero_reference,cs336_alignment/prompts/r1_zero.prompt,r1_zero,72,-4.572157877191785e-05,0.1396484375,0.04115915298461914,0.7421875,0.8203125
r1_zero_reference,cs336_alignment/prompts/r1_zero.prompt,r1_zero,73,-0.0006356361745929462,0.228515625,0.03616619110107422,0.6875,0.89453125
r1_zero_reference,cs336_alignment/prompts/r1_zero.prompt,r1_zero,74,-0.00037372837323346175,0.185546875,0.035452842712402344,0.71484375,0.828125
r1_zero_reference,cs336_alignment/prompts/r1_zero.prompt,r1_zero,75,-0.0011214617588848341,0.19921875,0.02372455596923828,0.83984375,0.89453125
r1_zero_reference,cs336_alignment/prompts/r1_zero.prompt,r1_zero,76,-0.0004871408218605211,0.1630859375,0.02623748779296875,0.78125,0.890625
r1_zero_reference,cs336_alignment/prompts/r1_zero.prompt,r1_zero,77,-0.00046625223876617383,0.1259765625,0.030996322631835938,0.6015625,0.8125
r1_zero_reference,cs336_alignment/prompts/r1_zero.prompt,r1_zero,78,0.0005227311958151404,0.20703125,0.033640384674072266,0.75390625,0.90234375
r1_zero_reference,cs336_alignment/prompts/r1_zero.prompt,r1_zero,79,-0.0006779276236557052,0.1884765625,0.027295589447021484,0.76171875,0.8671875
r1_zero_reference,cs336_alignment/prompts/r1_zero.prompt,r1_zero,80,-0.0003904743516613962,0.2099609375,0.03369283676147461,0.7265625,0.91796875
r1_zero_reference,cs336_alignment/prompts/r1_zero.prompt,r1_zero,81,1.4760125850443728e-05,0.17578125,0.033429861068725586,0.72265625,0.87890625
r1_zero_reference,cs336_alignment/prompts/r1_zero.prompt,r1_zero,82,0.0005611192664218834,0.1767578125,0.030576229095458984,0.75390625,0.91796875
r1_zero_reference,cs336_alignment/prompts/r1_zero.prompt,r1_zero,83,-9.456130010221386e-05,0.134765625,0.03067636489868164,0.76953125,0.890625
r1_zero_reference,cs336_alignment/prompts/r1_zero.prompt,r1_zero,84,-0.000577778090701031,0.2060546875,0.03218984603881836,0.5546875,0.8359375
r1_zero_reference,cs336_alignment/prompts/r1_zero.prompt,r1_zero,85,-0.0004991957650872791,0.166015625,0.022977590560913086,0.71484375,0.91796875
r1_zero_reference,cs336_alignment/prompts/r1_zero.prompt,r1_zero,86,-0.00015174201917034225,0.15625,0.021747827529907227,0.75,0.90625
r1_zero_reference,cs336_alignment/prompts/r1_zero.prompt,r1_zero,87,0.0001727872831907007,0.1650390625,0.020128250122070312,0.87109375,0.96875
r1_zero_reference,cs336_alignment/prompts/r1_zero.prompt,r1_zero,88,-0.0027126093409606256,0.2275390625,0.031212806701660156,0.74609375,0.921875
r1_zero_reference,cs336_alignment/prompts/r1_zero.prompt,r1_zero,89,-0.00010429531175759621,0.15234375,0.03150177001953125,0.81640625,0.94921875
r1_zero_reference,cs336_alignment/prompts/r1_zero.prompt,r1_zero,90,-0.0008488787607348058,0.12890625,0.020700454711914062,0.89453125,0.95703125
r1_zero_reference,cs336_alignment/prompts/r1_zero.prompt,r1_zero,91,0.0004314431707825861,0.17578125,0.028208494186401367,0.65234375,0.88671875
r1_zero_reference,cs336_alignment/prompts/r1_zero.prompt,r1_zero,92,-0.0010670907245184935,0.2275390625,0.03130030632019043,0.61328125,0.859375
r1_zero_reference,cs336_alignment/prompts/r1_zero.prompt,r1_zero,93,-0.000851535423862515,0.10693359375,0.022443294525146484,0.80078125,0.8984375
r1_zero_reference,cs336_alignment/prompts/r1_zero.prompt,r1_zero,94,-0.001068366920662811,0.2451171875,0.026359081268310547,0.76171875,0.875
r1_zero_reference,cs336_alignment/prompts/r1_zero.prompt,r1_zero,95,-0.001503794585914875,0.1865234375,0.024325847625732422,0.78515625,0.890625
r1_zero_reference,cs336_alignment/prompts/r1_zero.prompt,r1_zero,96,-0.0009630172967263206,0.212890625,0.025683879852294922,0.75,0.89453125
r1_zero_reference,cs336_alignment/prompts/r1_zero.prompt,r1_zero,97,-0.0014042359844097518,0.236328125,0.02749776840209961,0.71875,0.8984375
r1_zero_reference,cs336_alignment/prompts/r1_zero.prompt,r1_zero,98,-0.00030819470794085646,0.1494140625,0.023929119110107422,0.73828125,0.90625
r1_zero_reference,cs336_alignment/prompts/r1_zero.prompt,r1_zero,99,-0.001983524693059735,0.4453125,0.02566051483154297,0.78125,0.94140625
r1_zero_reference,cs336_alignment/prompts/r1_zero.prompt,r1_zero,100,-0.0011900079771294259,0.189453125,0.029870986938476562,0.73828125,0.90234375
r1_zero_reference,cs336_alignment/prompts/r1_zero.prompt,r1_zero,101,-0.0011060552942581126,0.150390625,0.030333518981933594,0.65625,0.8828125
r1_zero_reference,cs336_alignment/prompts/r1_zero.prompt,r1_zero,102,0.001273299336389755,0.216796875,0.0340728759765625,0.75390625,0.95703125
r1_zero_reference,cs336_alignment/prompts/r1_zero.prompt,r1_zero,103,0.0005691611286238185,0.171875,0.0322718620300293,0.7421875,0.9453125
r1_zero_reference,cs336_alignment/prompts/r1_zero.prompt,r1_zero,104,-0.002859722626453731,0.2119140625,0.031578779220581055,0.78125,0.97265625
r1_zero_reference,cs336_alignment/prompts/r1_zero.prompt,r1_zero,105,-0.0037176117020862876,0.251953125,0.034328460693359375,0.75390625,0.97265625
r1_zero_reference,cs336_alignment/prompts/r1_zero.prompt,r1_zero,106,-0.001451775802706834,0.203125,0.03336358070373535,0.76171875,0.97265625
r1_zero_reference,cs336_alignment/prompts/r1_zero.prompt,r1_zero,107,-0.0010120548504346516,0.1611328125,0.03129720687866211,0.7578125,0.95703125
r1_zero_reference,cs336_alignment/prompts/r1_zero.prompt,r1_zero,108,0.0008172153266059468,0.2265625,0.035626888275146484,0.65234375,0.94921875
r1_zero_reference,cs336_alignment/prompts/r1_zero.prompt,r1_zero,109,-0.0018810454639606178,0.205078125,0.03409099578857422,0.671875,0.96484375
r1_zero_reference,cs336_alignment/prompts/r1_zero.prompt,r1_zero,110,-0.004658167027628224,0.2734375,0.031051158905029297,0.7734375,0.95703125
r1_zero_reference,cs336_alignment/prompts/r1_zero.prompt,r1_zero,111,-0.0012144927568442654,0.24609375,0.032190799713134766,0.578125,0.91796875
r1_zero_reference,cs336_alignment/prompts/r1_zero.prompt,r1_zero,112,-0.0005783755486845621,0.154296875,0.027015209197998047,0.703125,0.91796875
r1_zero_reference,cs336_alignment/prompts/r1_zero.prompt,r1_zero,113,-0.0017389723630003573,0.2041015625,0.025835037231445312,0.7734375,0.953125
r1_zero_reference,cs336_alignment/prompts/r1_zero.prompt,r1_zero,114,-0.0011513400922922301,0.142578125,0.02473902702331543,0.7421875,0.921875
r1_zero_reference,cs336_alignment/prompts/r1_zero.prompt,r1_zero,115,-0.0003298795490991324,0.2294921875,0.029997825622558594,0.7265625,0.921875
r1_zero_reference,cs336_alignment/prompts/r1_zero.prompt,r1_zero,116,-0.00127257682288473,0.2373046875,0.027776718139648438,0.64453125,0.8671875
r1_zero_reference,cs336_alignment/prompts/r1_zero.prompt,r1_zero,117,-0.00034705662437772844,0.1513671875,0.027241230010986328,0.7890625,0.9296875
r1_zero_reference,cs336_alignment/prompts/r1_zero.prompt,r1_zero,118,0.0006790675888623809,0.224609375,0.026214599609375,0.71875,0.91015625
r1_zero_reference,cs336_alignment/prompts/r1_zero.prompt,r1_zero,119,-0.00045581500216940185,0.171875,0.02619647979736328,0.77734375,0.9296875
r1_zero_reference,cs336_alignment/prompts/r1_zero.prompt,r1_zero,120,-0.0020454539935599314,0.166015625,0.035262107849121094,0.6015625,0.921875
r1_zero_reference,cs336_alignment/prompts/r1_zero.prompt,r1_zero,121,-0.0019884812827513088,0.1591796875,0.028631210327148438,0.7421875,0.859375
r1_zero_reference,cs336_alignment/prompts/r1_zero.prompt,r1_zero,122,-0.0006183968916957383,0.1796875,0.027100563049316406,0.5234375,0.859375
r1_zero_reference,cs336_alignment/prompts/r1_zero.prompt,r1_zero,123,-0.00032800541339383926,0.1396484375,0.02596426010131836,0.66796875,0.82421875
r1_zero_reference,cs336_alignment/prompts/r1_zero.prompt,r1_zero,124,-0.0015997679529391462,0.1376953125,0.02181243896484375,0.8984375,0.96875
r1_zero_reference,cs336_alignment/prompts/r1_zero.prompt,r1_zero,125,-0.00067366395433055,0.166015625,0.026417016983032227,0.75,0.89453125
r1_zero_reference,cs336_alignment/prompts/r1_zero.prompt,r1_zero,126,-0.0009796146584903909,0.1806640625,0.02551722526550293,0.80078125,0.91796875
r1_zero_reference,cs336_alignment/prompts/r1_zero.prompt,r1_zero,127,0.0007519396203861106,0.10302734375,0.03102588653564453,0.703125,0.8828125
r1_zero_reference,cs336_alignment/prompts/r1_zero.prompt,r1_zero,128,0.0009398200954819913,0.2216796875,0.028890132904052734,0.73046875,0.8671875
r1_zero_reference,cs336_alignment/prompts/r1_zero.prompt,r1_zero,129,-0.0019774080737988697,0.240234375,0.027611732482910156,0.7421875,0.90234375
r1_zero_reference,cs336_alignment/prompts/r1_zero.prompt,r1_zero,130,0.00022120055564300856,0.1806640625,0.02827739715576172,0.75390625,0.890625
r1_zero_reference,cs336_alignment/prompts/r1_zero.prompt,r1_zero,131,0.0002928361009253422,0.1513671875,0.03216075897216797,0.69921875,0.859375
r1_zero_reference,cs336_alignment/prompts/r1_zero.prompt,r1_zero,132,-0.0013558145028582658,0.25390625,0.0285491943359375,0.78125,0.921875
r1_zero_reference,cs336_alignment/prompts/r1_zero.prompt,r1_zero,133,-0.0005098022120364476,0.1494140625,0.028342008590698242,0.76953125,0.953125
r1_zero_reference,cs336_alignment/prompts/r1_zero.prompt,r1_zero,134,-0.0005976692409603857,0.1787109375,0.030677318572998047,0.73046875,0.94140625
r1_zero_reference,cs336_alignment/prompts/r1_zero.prompt,r1_zero,135,-0.0002935641109615972,0.189453125,0.025841474533081055,0.77734375,0.90625
r1_zero_reference,cs336_alignment/prompts/r1_zero.prompt,r1_zero,136,-7.850095244066324e-05,0.138671875,0.023457050323486328,0.796875,0.90234375
r1_zero_reference,cs336_alignment/prompts/r1_zero.prompt,r1_zero,137,-0.0008265920059784548,0.205078125,0.0315093994140625,0.7421875,0.92578125
r1_zero_reference,cs336_alignment/prompts/r1_zero.prompt,r1_zero,138,-0.00021300820571923396,0.134765625,0.024770736694335938,0.83984375,0.921875
r1_zero_reference,cs336_alignment/prompts/r1_zero.prompt,r1_zero,139,-0.00084263195276435,0.1337890625,0.029431819915771484,0.7890625,0.94921875
r1_zero_reference,cs336_alignment/prompts/r1_zero.prompt,r1_zero,140,-0.0008230017065216089,0.1376953125,0.041222572326660156,0.59765625,0.82421875
r1_zero_reference,cs336_alignment/prompts/r1_zero.prompt,r1_zero,141,-0.0003877763710988802,0.13671875,0.03053569793701172,0.7734375,0.8828125
r1_zero_reference,cs336_alignment/prompts/r1_zero.prompt,r1_zero,142,-0.0004807278801308712,0.10791015625,0.036762237548828125,0.7578125,0.890625
r1_zero_reference,cs336_alignment/prompts/r1_zero.prompt,r1_zero,143,-0.002164852898204117,0.205078125,0.03135824203491211,0.8203125,0.88671875
r1_zero_reference,cs336_alignment/prompts/r1_zero.prompt,r1_zero,144,0.0003604951516535948,0.138671875,0.040552616119384766,0.68359375,0.86328125
r1_zero_reference,cs336_alignment/prompts/r1_zero.prompt,r1_zero,145,-0.0008750254382903222,0.1513671875,0.044293880462646484,0.7265625,0.92578125
r1_zero_reference,cs336_alignment/prompts/r1_zero.prompt,r1_zero,146,-0.0006755782196705695,0.0947265625,0.03577613830566406,0.70703125,0.87890625
r1_zero_reference,cs336_alignment/prompts/r1_zero.prompt,r1_zero,147,-0.0015596493749399087,0.205078125,0.04735898971557617,0.6640625,0.84765625
r1_zero_reference,cs336_alignment/prompts/r1_zero.prompt,r1_zero,148,-4.901188913208898e-05,0.1220703125,0.030434131622314453,0.765625,0.90234375
r1_zero_reference,cs336_alignment/prompts/r1_zero.prompt,r1_zero,149,-0.0008571450071030995,0.14453125,0.044022560119628906,0.66796875,0.84765625
r1_zero_reference,cs336_alignment/prompts/r1_zero.prompt,r1_zero,150,0.0012617027496162336,0.1630859375,0.03920745849609375,0.703125,0.90625
r1_zero_reference,cs336_alignment/prompts/r1_zero.prompt,r1_zero,151,-0.0005214004054323595,0.2109375,0.0267791748046875,0.734375,0.953125
r1_zero_reference,cs336_alignment/prompts/r1_zero.prompt,r1_zero,152,-0.0005800285416626139,0.2001953125,0.03696632385253906,0.72265625,0.90234375
r1_zero_reference,cs336_alignment/prompts/r1_zero.prompt,r1_zero,153,-0.0003654817664937582,0.11181640625,0.029487133026123047,0.8359375,0.94921875
r1_zero_reference,cs336_alignment/prompts/r1_zero.prompt,r1_zero,154,0.00011903204176633153,0.169921875,0.02963399887084961,0.80078125,0.91015625
r1_zero_reference,cs336_alignment/prompts/r1_zero.prompt,r1_zero,155,0.0006497715417026484,0.1943359375,0.02892017364501953,0.7109375,0.9140625
r1_zero_reference,cs336_alignment/prompts/r1_zero.prompt,r1_zero,156,-0.0020763990351042594,0.302734375,0.03304004669189453,0.86328125,0.96875
r1_zero_reference,cs336_alignment/prompts/r1_zero.prompt,r1_zero,157,0.0008792703210929176,0.2001953125,0.027647972106933594,0.6171875,0.828125
r1_zero_reference,cs336_alignment/prompts/r1_zero.prompt,r1_zero,158,-0.0003808256706179236,0.16796875,0.024851083755493164,0.8046875,0.9609375
r1_zero_reference,cs336_alignment/prompts/r1_zero.prompt,r1_zero,159,0.0006584486618521623,0.1396484375,0.02756476402282715,0.65625,0.87890625
r1_zero_reference,cs336_alignment/prompts/r1_zero.prompt,r1_zero,160,-0.0002471616671755328,0.0947265625,0.03240537643432617,0.58984375,0.8515625
r1_zero_reference,cs336_alignment/prompts/r1_zero.prompt,r1_zero,161,0.0001808654951673816,0.130859375,0.02669382095336914,0.77734375,0.8984375
r1_zero_reference,cs336_alignment/prompts/r1_zero.prompt,r1_zero,162,-0.001074430699190998,0.1669921875,0.03410530090332031,0.83203125,0.96484375
r1_zero_reference,cs336_alignment/prompts/r1_zero.prompt,r1_zero,163,-0.000964771489634586,0.11669921875,0.029120922088623047,0.8046875,0.90234375
r1_zero_reference,cs336_alignment/prompts/r1_zero.prompt,r1_zero,164,-0.0007465454855264397,0.150390625,0.03741288185119629,0.66015625,0.84375
r1_zero_reference,cs336_alignment/prompts/r1_zero.prompt,r1_zero,165,-0.0004363451480458025,0.185546875,0.041749000549316406,0.6796875,0.94921875
r1_zero_reference,cs336_alignment/prompts/r1_zero.prompt,r1_zero,166,-0.002113485278641747,0.185546875,0.03421449661254883,0.7734375,0.94921875
r1_zero_reference,cs336_alignment/prompts/r1_zero.prompt,r1_zero,167,0.0006155384326120839,0.130859375,0.024373531341552734,0.75390625,0.91015625
r1_zero_reference,cs336_alignment/prompts/r1_zero.prompt,r1_zero,168,-0.00019124276332149748,0.1728515625,0.031003475189208984,0.765625,0.96484375
r1_zero_reference,cs336_alignment/prompts/r1_zero.prompt,r1_zero,169,0.0005710842033295194,0.11865234375,0.027704954147338867,0.8203125,0.96875
r1_zero_reference,cs336_alignment/prompts/r1_zero.prompt,r1_zero,170,-0.0028844529997513746,0.703125,0.03133964538574219,0.734375,0.94921875
r1_zero_reference,cs336_alignment/prompts/r1_zero.prompt,r1_zero,171,0.00012560442337417044,0.1318359375,0.034487009048461914,0.84765625,0.98046875
r1_zero_reference,cs336_alignment/prompts/r1_zero.prompt,r1_zero,172,-0.0002306836086063413,0.1474609375,0.03173398971557617,0.8671875,0.984375
r1_zero_reference,cs336_alignment/prompts/r1_zero.prompt,r1_zero,173,-0.00035962134552391944,0.11181640625,0.028960227966308594,0.70703125,0.95703125
r1_zero_reference,cs336_alignment/prompts/r1_zero.prompt,r1_zero,174,-0.0017835330736488686,0.1748046875,0.028824806213378906,0.7421875,0.92578125
r1_zero_reference,cs336_alignment/prompts/r1_zero.prompt,r1_zero,175,-0.00046303211092890706,0.19140625,0.03357076644897461,0.69921875,0.91015625
r1_zero_reference,cs336_alignment/prompts/r1_zero.prompt,r1_zero,176,-0.0016865148299984867,0.2158203125,0.03928399085998535,0.73828125,0.93359375
r1_zero_reference,cs336_alignment/prompts/r1_zero.prompt,r1_zero,177,-0.0007690482721045555,0.12255859375,0.04218435287475586,0.6640625,0.89453125
r1_zero_reference,cs336_alignment/prompts/r1_zero.prompt,r1_zero,178,-0.0013494233553501545,0.1220703125,0.0375370979309082,0.7265625,0.91796875
r1_zero_reference,cs336_alignment/prompts/r1_zero.prompt,r1_zero,179,-0.0007604734128108248,0.09814453125,0.038394927978515625,0.77734375,0.97265625
r1_zero_reference,cs336_alignment/prompts/r1_zero.prompt,r1_zero,180,-0.0013749505906162085,0.154296875,0.036075592041015625,0.7890625,0.95703125
r1_zero_reference,cs336_alignment/prompts/r1_zero.prompt,r1_zero,181,-0.000482173833916022,0.115234375,0.036122798919677734,0.69140625,0.8984375
r1_zero_reference,cs336_alignment/prompts/r1_zero.prompt,r1_zero,182,-0.0011782139299612027,0.1376953125,0.03515005111694336,0.796875,0.9453125
r1_zero_reference,cs336_alignment/prompts/r1_zero.prompt,r1_zero,183,-0.0009137207871390274,0.1416015625,0.02650165557861328,0.86328125,0.96875
r1_zero_reference,cs336_alignment/prompts/r1_zero.prompt,r1_zero,184,0.0004244231095071882,0.076171875,0.030692577362060547,0.7890625,0.92578125
r1_zero_reference,cs336_alignment/prompts/r1_zero.prompt,r1_zero,185,0.0002217838723481691,0.12060546875,0.030039310455322266,0.89453125,0.9921875
r1_zero_reference,cs336_alignment/prompts/r1_zero.prompt,r1_zero,186,-0.0005168991856407956,0.115234375,0.027619600296020508,0.8125,0.92578125
r1_zero_reference,cs336_alignment/prompts/r1_zero.prompt,r1_zero,187,-0.0010904584887612145,0.08935546875,0.025596141815185547,0.90234375,0.984375
r1_zero_reference,cs336_alignment/prompts/r1_zero.prompt,r1_zero,188,0.000304721987049561,0.189453125,0.028296709060668945,0.75390625,0.93359375
r1_zero_reference,cs336_alignment/prompts/r1_zero.prompt,r1_zero,189,-0.003380773936441983,0.1494140625,0.02469635009765625,0.78125,0.9296875
r1_zero_reference,cs336_alignment/prompts/r1_zero.prompt,r1_zero,190,-0.0018389425258646952,0.1220703125,0.029322147369384766,0.77734375,0.92578125
r1_zero_reference,cs336_alignment/prompts/r1_zero.prompt,r1_zero,191,-0.00041095155575021636,0.1484375,0.023627281188964844,0.81640625,0.9609375
r1_zero_reference,cs336_alignment/prompts/r1_zero.prompt,r1_zero,192,5.148345917405095e-05,0.1259765625,0.01903533935546875,0.90234375,0.97265625
r1_zero_reference,cs336_alignment/prompts/r1_zero.prompt,r1_zero,193,0.0005856590196344769,0.1533203125,0.02893686294555664,0.828125,0.98828125
r1_zero_reference,cs336_alignment/prompts/r1_zero.prompt,r1_zero,194,0.0002119726800628996,0.181640625,0.02439117431640625,0.74609375,0.87890625
r1_zero_reference,cs336_alignment/prompts/r1_zero.prompt,r1_zero,195,-0.0006167966821521986,0.1533203125,0.025825977325439453,0.69140625,0.9140625
r1_zero_reference,cs336_alignment/prompts/r1_zero.prompt,r1_zero,196,0.000590571525208361,0.1298828125,0.027758359909057617,0.6328125,0.859375
r1_zero_reference,cs336_alignment/prompts/r1_zero.prompt,r1_zero,197,0.000324155813359539,0.1611328125,0.026080608367919922,0.77734375,0.91015625
r1_zero_reference,cs336_alignment/prompts/r1_zero.prompt,r1_zero,198,0.0001928529527503997,0.2470703125,0.02611064910888672,0.72265625,0.91796875
r1_zero_reference,cs336_alignment/prompts/r1_zero.prompt,r1_zero,199,0.000181798992343829,0.1259765625,0.02330160140991211,0.6640625,0.875
r1_zero_reference,cs336_alignment/prompts/r1_zero.prompt,r1_zero,200,-0.0005381013343139784,0.1357421875,0.023288726806640625,0.80859375,0.94140625
question_only,cs336_alignment/prompts/question_only.prompt,question_only,1,-7.886323146522045e-06,0.1455078125,0.28064537048339844,0.4609375,0.82421875
question_only,cs336_alignment/prompts/question_only.prompt,question_only,2,8.642673492431641e-07,0.1044921875,0.22432327270507812,0.74609375,0.90625
question_only,cs336_alignment/prompts/question_only.prompt,question_only,3,6.984919309616089e-10,0.11181640625,0.19283676147460938,0.765625,0.94140625
question_only,cs336_alignment/prompts/question_only.prompt,question_only,4,6.398186087608337e-07,0.09033203125,0.20259857177734375,0.7109375,0.8515625
question_only,cs336_alignment/prompts/question_only.prompt,question_only,5,1.8117716535925865e-06,0.109375,0.20465469360351562,0.6640625,0.875
question_only,cs336_alignment/prompts/question_only.prompt,question_only,6,3.7761637941002846e-06,0.07470703125,0.20797348022460938,0.5078125,0.76953125
question_only,cs336_alignment/prompts/question_only.prompt,question_only,7,-2.284068614244461e-07,0.08935546875,0.19747161865234375,0.80078125,0.93359375
question_only,cs336_alignment/prompts/question_only.prompt,question_only,8,1.4594290405511856e-05,0.08447265625,0.19705963134765625,0.625,0.84765625
question_only,cs336_alignment/prompts/question_only.prompt,question_only,9,-4.10713255405426e-06,0.0927734375,0.20201492309570312,0.7265625,0.9296875
question_only,cs336_alignment/prompts/question_only.prompt,question_only,10,1.1187512427568436e-06,0.09765625,0.1998138427734375,0.73828125,0.91015625
question_only,cs336_alignment/prompts/question_only.prompt,question_only,11,7.10831955075264e-06,0.09375,0.16627883911132812,0.69140625,0.9140625
question_only,cs336_alignment/prompts/question_only.prompt,question_only,12,1.979060471057892e-09,0.091796875,0.18050003051757812,0.73828125,0.921875
question_only,cs336_alignment/prompts/question_only.prompt,question_only,13,1.6298145055770874e-09,0.0859375,0.17584609985351562,0.71484375,0.87109375
question_only,cs336_alignment/prompts/question_only.prompt,question_only,14,1.2364471331238747e-06,0.0791015625,0.17644500732421875,0.71484375,0.89453125
question_only,cs336_alignment/prompts/question_only.prompt,question_only,15,-2.6775524020195007e-09,0.08984375,0.18099212646484375,0.6328125,0.90625
question_only,cs336_alignment/prompts/question_only.prompt,question_only,16,-1.1641532182693481e-10,0.0791015625,0.17263412475585938,0.6875,0.92578125
question_only,cs336_alignment/prompts/question_only.prompt,question_only,17,-3.07220034301281e-07,0.08203125,0.19168472290039062,0.60546875,0.890625
question_only,cs336_alignment/prompts/question_only.prompt,question_only,18,1.1711381375789642e-07,0.08544921875,0.18208694458007812,0.65234375,0.8046875
question_only,cs336_alignment/prompts/question_only.prompt,question_only,19,5.161622539162636e-06,0.0966796875,0.15866470336914062,0.7421875,0.93359375
question_only,cs336_alignment/prompts/question_only.prompt,question_only,20,6.248010322451591e-07,0.09326171875,0.1885223388671875,0.73046875,0.890625
question_only,cs336_alignment/prompts/question_only.prompt,question_only,21,1.1282972991466522e-06,0.1005859375,0.18791961669921875,0.65234375,0.8828125
question_only,cs336_alignment/prompts/question_only.prompt,question_only,22,1.2864824384450912e-05,0.095703125,0.16977691650390625,0.671875,0.8359375
question_only,cs336_alignment/prompts/question_only.prompt,question_only,23,2.121902070939541e-06,0.07958984375,0.1736907958984375,0.67578125,0.9296875
question_only,cs336_alignment/prompts/question_only.prompt,question_only,24,5.229376256465912e-06,0.08056640625,0.14310836791992188,0.6953125,0.921875
question_only,cs336_alignment/prompts/question_only.prompt,question_only,25,2.3283064365386963e-10,0.087890625,0.16126251220703125,0.71875,0.95703125
question_only,cs336_alignment/prompts/question_only.prompt,question_only,26,-1.2252829037606716e-05,0.08349609375,0.17211532592773438,0.62890625,0.921875
question_only,cs336_alignment/prompts/question_only.prompt,question_only,27,1.0477378964424133e-09,0.09375,0.15292739868164062,0.7734375,0.921875
question_only,cs336_alignment/prompts/question_only.prompt,question_only,28,-2.3283064365386963e-09,0.08837890625,0.17066192626953125,0.7734375,0.96875
question_only,cs336_alignment/prompts/question_only.prompt,question_only,29,2.3747561499476433e-06,0.0732421875,0.1716156005859375,0.68359375,0.890625
question_only,cs336_alignment/prompts/question_only.prompt,question_only,30,-2.752058207988739e-06,0.0751953125,0.1517162322998047,0.6328125,0.8515625
question_only,cs336_alignment/prompts/question_only.prompt,question_only,31,-6.714370101690292e-06,0.0810546875,0.1429290771484375,0.75390625,0.92578125
question_only,cs336_alignment/prompts/question_only.prompt,question_only,32,5.611451342701912e-06,0.0830078125,0.15711212158203125,0.69140625,0.91015625
question_only,cs336_alignment/prompts/question_only.prompt,question_only,33,8.451170288026333e-06,0.12255859375,0.16017913818359375,0.69921875,0.94140625
question_only,cs336_alignment/prompts/question_only.prompt,question_only,34,1.979060471057892e-09,0.0947265625,0.16185379028320312,0.66796875,0.87109375
question_only,cs336_alignment/prompts/question_only.prompt,question_only,35,3.1456584110856056e-06,0.1025390625,0.16259384155273438,0.66015625,0.8828125
question_only,cs336_alignment/prompts/question_only.prompt,question_only,36,-3.4924596548080444e-09,0.09228515625,0.17348861694335938,0.6171875,0.88671875
question_only,cs336_alignment/prompts/question_only.prompt,question_only,37,2.3690517991781235e-07,0.0966796875,0.169097900390625,0.734375,0.90625
question_only,cs336_alignment/prompts/question_only.prompt,question_only,38,2.2118911147117615e-09,0.095703125,0.1677093505859375,0.76953125,0.9296875
question_only,cs336_alignment/prompts/question_only.prompt,question_only,39,-9.915092960000038e-07,0.08544921875,0.1527252197265625,0.8203125,0.9609375
question_only,cs336_alignment/prompts/question_only.prompt,question_only,40,-2.343091182410717e-06,0.1259765625,0.16728973388671875,0.671875,0.9140625
question_only,cs336_alignment/prompts/question_only.prompt,question_only,41,-1.1069932952523232e-06,0.09423828125,0.15145492553710938,0.765625,0.94921875
question_only,cs336_alignment/prompts/question_only.prompt,question_only,42,1.1974480003118515e-06,0.06689453125,0.1666717529296875,0.68359375,0.953125
question_only,cs336_alignment/prompts/question_only.prompt,question_only,43,3.259629011154175e-09,0.0732421875,0.14254379272460938,0.796875,0.9453125
question_only,cs336_alignment/prompts/question_only.prompt,question_only,44,-4.181987605988979e-06,0.1142578125,0.16828536987304688,0.65625,0.90625
question_only,cs336_alignment/prompts/question_only.prompt,question_only,45,5.345791578292847e-07,0.07666015625,0.16696548461914062,0.640625,0.88671875
question_only,cs336_alignment/prompts/question_only.prompt,question_only,46,1.7335405573248863e-06,0.087890625,0.1787567138671875,0.61328125,0.91015625
question_only,cs336_alignment/prompts/question_only.prompt,question_only,47,9.177252650260925e-06,0.08056640625,0.186309814453125,0.71875,0.96484375
question_only,cs336_alignment/prompts/question_only.prompt,question_only,48,-5.787471309304237e-06,0.0791015625,0.14834976196289062,0.68359375,0.90234375
question_only,cs336_alignment/prompts/question_only.prompt,question_only,49,2.7992064133286476e-06,0.111328125,0.15715789794921875,0.703125,0.9296875
question_only,cs336_alignment/prompts/question_only.prompt,question_only,50,1.5937257558107376e-06,0.0927734375,0.17027664184570312,0.73828125,0.94140625
question_only,cs336_alignment/prompts/question_only.prompt,question_only,51,-4.491303116083145e-06,0.11474609375,0.15159988403320312,0.78125,0.91796875
question_only,cs336_alignment/prompts/question_only.prompt,question_only,52,2.744956873357296e-06,0.0859375,0.15302276611328125,0.8125,0.91015625
question_only,cs336_alignment/prompts/question_only.prompt,question_only,53,-2.3283064365386963e-09,0.11376953125,0.13849639892578125,0.7578125,0.9140625
question_only,cs336_alignment/prompts/question_only.prompt,question_only,54,-1.3969838619232178e-09,0.10693359375,0.1687774658203125,0.65625,0.96875
question_only,cs336_alignment/prompts/question_only.prompt,question_only,55,-2.0954757928848267e-09,0.0751953125,0.15613174438476562,0.81640625,0.95703125
question_only,cs336_alignment/prompts/question_only.prompt,question_only,56,-2.336222678422928e-06,0.07861328125,0.16804122924804688,0.7109375,0.859375
question_only,cs336_alignment/prompts/question_only.prompt,question_only,57,-1.4222459867596626e-06,0.09716796875,0.16009902954101562,0.79296875,0.984375
question_only,cs336_alignment/prompts/question_only.prompt,question_only,58,-1.062755472958088e-06,0.07568359375,0.16375732421875,0.79296875,0.921875
question_only,cs336_alignment/prompts/question_only.prompt,question_only,59,-1.5206169337034225e-06,0.0908203125,0.15376663208007812,0.7890625,0.94140625
question_only,cs336_alignment/prompts/question_only.prompt,question_only,60,2.4364562705159187e-06,0.0869140625,0.17095184326171875,0.640625,0.94140625
question_only,cs336_alignment/prompts/question_only.prompt,question_only,61,-1.008971594274044e-06,0.0849609375,0.1667938232421875,0.82421875,0.98828125
question_only,cs336_alignment/prompts/question_only.prompt,question_only,62,1.979060471057892e-09,0.10546875,0.16056442260742188,0.75,0.95703125
question_only,cs336_alignment/prompts/question_only.prompt,question_only,63,-3.259629011154175e-09,0.11572265625,0.15999984741210938,0.81640625,0.9609375
question_only,cs336_alignment/prompts/question_only.prompt,question_only,64,5.633221007883549e-06,0.09912109375,0.175384521484375,0.66796875,0.92578125
question_only,cs336_alignment/prompts/question_only.prompt,question_only,65,2.323114313185215e-05,0.0986328125,0.17220687866210938,0.79296875,0.9609375
question_only,cs336_alignment/prompts/question_only.prompt,question_only,66,5.104811862111092e-06,0.08984375,0.17873764038085938,0.78515625,0.98046875
question_only,cs336_alignment/prompts/question_only.prompt,question_only,67,-2.108863554894924e-06,0.10107421875,0.16694259643554688,0.671875,0.890625
question_only,cs336_alignment/prompts/question_only.prompt,question_only,68,-2.7939677238464355e-09,0.11083984375,0.183319091796875,0.69921875,0.92578125
question_only,cs336_alignment/prompts/question_only.prompt,question_only,69,-4.423782229423523e-09,0.10302734375,0.1609954833984375,0.78515625,0.953125
question_only,cs336_alignment/prompts/question_only.prompt,question_only,70,4.571862518787384e-06,0.080078125,0.15650558471679688,0.74609375,0.953125
question_only,cs336_alignment/prompts/question_only.prompt,question_only,71,5.55417500436306e-07,0.095703125,0.18896102905273438,0.48046875,0.86328125
question_only,cs336_alignment/prompts/question_only.prompt,question_only,72,2.3283064365386963e-10,0.07861328125,0.1539154052734375,0.74609375,0.92578125
question_only,cs336_alignment/prompts/question_only.prompt,question_only,73,1.1641532182693481e-09,0.1025390625,0.1592426300048828,0.6875,0.90234375
question_only,cs336_alignment/prompts/question_only.prompt,question_only,74,-4.20550350099802e-06,0.06884765625,0.1660022735595703,0.73828125,0.94140625
question_only,cs336_alignment/prompts/question_only.prompt,question_only,75,-2.0954757928848267e-09,0.06884765625,0.14310836791992188,0.84375,0.96484375
question_only,cs336_alignment/prompts/question_only.prompt,question_only,76,1.8994323909282684e-06,0.08544921875,0.14821243286132812,0.765625,0.91015625
question_only,cs336_alignment/prompts/question_only.prompt,question_only,77,1.0686228051781654e-05,0.072265625,0.14233016967773438,0.6875,0.890625
question_only,cs336_alignment/prompts/question_only.prompt,question_only,78,3.3760443329811096e-09,0.09814453125,0.166107177734375,0.79296875,0.96484375
question_only,cs336_alignment/prompts/question_only.prompt,question_only,79,2.444721758365631e-09,0.095703125,0.1612701416015625,0.76171875,0.94921875
question_only,cs336_alignment/prompts/question_only.prompt,question_only,80,1.4060642570257187e-06,0.0927734375,0.17034149169921875,0.7890625,0.9296875
question_only,cs336_alignment/prompts/question_only.prompt,question_only,81,-1.6298145055770874e-09,0.11279296875,0.18599319458007812,0.71484375,0.9609375
question_only,cs336_alignment/prompts/question_only.prompt,question_only,82,8.370261639356613e-07,0.0830078125,0.173614501953125,0.796875,0.9609375
question_only,cs336_alignment/prompts/question_only.prompt,question_only,83,2.927030436694622e-06,0.083984375,0.16184616088867188,0.75390625,0.921875
question_only,cs336_alignment/prompts/question_only.prompt,question_only,84,2.091552596539259e-05,0.091796875,0.16907882690429688,0.57421875,0.85546875
question_only,cs336_alignment/prompts/question_only.prompt,question_only,85,-1.1319178156554699e-05,0.08056640625,0.14574813842773438,0.73828125,0.953125
question_only,cs336_alignment/prompts/question_only.prompt,question_only,86,1.6954727470874786e-06,0.0791015625,0.16064453125,0.8046875,0.96875
question_only,cs336_alignment/prompts/question_only.prompt,question_only,87,0.0,0.0849609375,0.1494598388671875,0.87109375,0.98046875
question_only,cs336_alignment/prompts/question_only.prompt,question_only,88,2.7939677238464355e-09,0.0849609375,0.17145538330078125,0.7578125,0.94140625
question_only,cs336_alignment/prompts/question_only.prompt,question_only,89,3.14321368932724e-09,0.07763671875,0.1681060791015625,0.79296875,0.97265625
question_only,cs336_alignment/prompts/question_only.prompt,question_only,90,-6.984919309616089e-10,0.09521484375,0.146209716796875,0.91796875,0.9921875
question_only,cs336_alignment/prompts/question_only.prompt,question_only,91,-1.8406426534056664e-06,0.0830078125,0.1573486328125,0.61328125,0.88671875
question_only,cs336_alignment/prompts/question_only.prompt,question_only,92,-2.4484354071319103e-05,0.09765625,0.17061233520507812,0.71875,0.9375
question_only,cs336_alignment/prompts/question_only.prompt,question_only,93,1.6298145055770874e-09,0.1923828125,0.15447998046875,0.8359375,0.9453125
question_only,cs336_alignment/prompts/question_only.prompt,question_only,94,1.3985671103000641e-05,0.0966796875,0.17318344116210938,0.8125,0.94140625
question_only,cs336_alignment/prompts/question_only.prompt,question_only,95,-1.8568243831396103e-06,0.12060546875,0.16483688354492188,0.796875,0.94921875
question_only,cs336_alignment/prompts/question_only.prompt,question_only,96,2.9103830456733704e-09,0.09521484375,0.15700531005859375,0.78125,0.890625
question_only,cs336_alignment/prompts/question_only.prompt,question_only,97,-3.0907103791832924e-06,0.1005859375,0.19947052001953125,0.70703125,0.9296875
question_only,cs336_alignment/prompts/question_only.prompt,question_only,98,5.820766091346741e-10,0.10693359375,0.17402267456054688,0.68359375,0.93359375
question_only,cs336_alignment/prompts/question_only.prompt,question_only,99,-3.026798367500305e-09,0.0849609375,0.15993499755859375,0.75,0.95703125
question_only,cs336_alignment/prompts/question_only.prompt,question_only,100,7.358146831393242e-06,0.0751953125,0.17359542846679688,0.78125,0.921875
question_only,cs336_alignment/prompts/question_only.prompt,question_only,101,6.934860721230507e-07,0.0703125,0.16399765014648438,0.65234375,0.85546875
question_only,cs336_alignment/prompts/question_only.prompt,question_only,102,2.32551246881485e-06,0.083984375,0.18210983276367188,0.78125,0.98046875
question_only,cs336_alignment/prompts/question_only.prompt,question_only,103,-7.849885150790215e-07,0.0869140625,0.16833877563476562,0.80859375,0.97265625
question_only,cs336_alignment/prompts/question_only.prompt,question_only,104,-1.6298145055770874e-09,0.08154296875,0.15485763549804688,0.8359375,0.9375
question_only,cs336_alignment/prompts/question_only.prompt,question_only,105,8.739996701478958e-06,0.076171875,0.17160797119140625,0.82421875,0.95703125
question_only,cs336_alignment/prompts/question_only.prompt,question_only,106,-3.026798367500305e-09,0.0908203125,0.1694793701171875,0.796875,0.9296875
question_only,cs336_alignment/prompts/question_only.prompt,question_only,107,2.0954757928848267e-09,0.061767578125,0.1617565155029297,0.796875,0.921875
question_only,cs336_alignment/prompts/question_only.prompt,question_only,108,5.5299606174230576e-06,0.0986328125,0.17336273193359375,0.6875,0.8984375
question_only,cs336_alignment/prompts/question_only.prompt,question_only,109,9.807990863919258e-07,0.09423828125,0.16089630126953125,0.6953125,0.92578125
question_only,cs336_alignment/prompts/question_only.prompt,question_only,110,-2.164160832762718e-06,0.08837890625,0.16748046875,0.8203125,0.96484375
question_only,cs336_alignment/prompts/question_only.prompt,question_only,111,4.196772351861e-07,0.0849609375,0.16430282592773438,0.58984375,0.91015625
question_only,cs336_alignment/prompts/question_only.prompt,question_only,112,-4.450208507478237e-06,0.10205078125,0.15637779235839844,0.78125,0.92578125
question_only,cs336_alignment/prompts/question_only.prompt,question_only,113,-1.3720709830522537e-06,0.078125,0.16297531127929688,0.7421875,0.9765625
question_only,cs336_alignment/prompts/question_only.prompt,question_only,114,8.560018613934517e-07,0.07958984375,0.16538619995117188,0.71484375,0.9296875
question_only,cs336_alignment/prompts/question_only.prompt,question_only,115,1.3969838619232178e-09,0.08642578125,0.18173980712890625,0.72265625,0.97265625
question_only,cs336_alignment/prompts/question_only.prompt,question_only,116,5.301553755998611e-07,0.0927734375,0.17438507080078125,0.7734375,0.921875
question_only,cs336_alignment/prompts/question_only.prompt,question_only,117,4.8568472266197205e-06,0.06396484375,0.17690658569335938,0.80078125,0.96875
question_only,cs336_alignment/prompts/question_only.prompt,question_only,118,1.5133991837501526e-09,0.08203125,0.16230392456054688,0.74609375,0.96875
question_only,cs336_alignment/prompts/question_only.prompt,question_only,119,6.984919309616089e-10,0.06396484375,0.16347885131835938,0.80078125,0.9453125
question_only,cs336_alignment/prompts/question_only.prompt,question_only,120,2.6775524020195007e-09,0.0947265625,0.190704345703125,0.6484375,0.96875
question_only,cs336_alignment/prompts/question_only.prompt,question_only,121,-1.1527445167303085e-06,0.10009765625,0.1680145263671875,0.7890625,0.9453125
question_only,cs336_alignment/prompts/question_only.prompt,question_only,122,-6.754416972398758e-07,0.09326171875,0.16201019287109375,0.671875,0.84375
question_only,cs336_alignment/prompts/question_only.prompt,question_only,123,-5.820766091346741e-10,0.06640625,0.15824508666992188,0.7265625,0.92578125
question_only,cs336_alignment/prompts/question_only.prompt,question_only,124,1.280568540096283e-09,0.08349609375,0.14743804931640625,0.86328125,0.98828125
question_only,cs336_alignment/prompts/question_only.prompt,question_only,125,9.313225746154785e-10,0.07275390625,0.17493057250976562,0.796875,0.96875
question_only,cs336_alignment/prompts/question_only.prompt,question_only,126,1.2380420230329037e-05,0.07861328125,0.1725006103515625,0.80078125,0.96875
question_only,cs336_alignment/prompts/question_only.prompt,question_only,127,8.149072527885437e-10,0.07861328125,0.18042755126953125,0.71875,0.921875
question_only,cs336_alignment/prompts/question_only.prompt,question_only,128,1.3969838619232178e-09,0.09765625,0.16305160522460938,0.80859375,0.921875
question_only,cs336_alignment/prompts/question_only.prompt,question_only,129,-1.4656689018011093e-06,0.09912109375,0.1540966033935547,0.8359375,0.984375
question_only,cs336_alignment/prompts/question_only.prompt,question_only,130,2.820044755935669e-06,0.0869140625,0.16189956665039062,0.78515625,0.953125
question_only,cs336_alignment/prompts/question_only.prompt,question_only,131,2.812594175338745e-06,0.06591796875,0.19102096557617188,0.74609375,0.94921875
question_only,cs336_alignment/prompts/question_only.prompt,question_only,132,-3.1959498301148415e-06,0.1357421875,0.156494140625,0.75,0.91015625
question_only,cs336_alignment/prompts/question_only.prompt,question_only,133,-1.1688098311424255e-07,0.11279296875,0.18452072143554688,0.77734375,0.97265625
question_only,cs336_alignment/prompts/question_only.prompt,question_only,134,-1.7462298274040222e-09,0.1201171875,0.16827011108398438,0.78515625,0.98046875
question_only,cs336_alignment/prompts/question_only.prompt,question_only,135,-2.6260968297719955e-06,0.091796875,0.14702224731445312,0.859375,0.984375
question_only,cs336_alignment/prompts/question_only.prompt,question_only,136,1.862645149230957e-09,0.060302734375,0.140167236328125,0.86328125,0.9609375
question_only,cs336_alignment/prompts/question_only.prompt,question_only,137,1.0477378964424133e-09,0.0947265625,0.17464447021484375,0.78125,0.96484375
question_only,cs336_alignment/prompts/question_only.prompt,question_only,138,-3.4924596548080444e-10,0.060791015625,0.1499958038330078,0.83984375,0.9609375
question_only,cs336_alignment/prompts/question_only.prompt,question_only,139,0.0,0.0732421875,0.15118408203125,0.8359375,0.9765625
question_only,cs336_alignment/prompts/question_only.prompt,question_only,140,8.516362868249416e-06,0.0986328125,0.17020034790039062,0.64453125,0.9609375
question_only,cs336_alignment/prompts/question_only.prompt,question_only,141,-1.979060471057892e-09,0.10498046875,0.1421051025390625,0.8046875,0.9453125
question_only,cs336_alignment/prompts/question_only.prompt,question_only,142,8.610310032963753e-06,0.07861328125,0.14588165283203125,0.79296875,0.9375
question_only,cs336_alignment/prompts/question_only.prompt,question_only,143,-6.275949999690056e-07,0.08837890625,0.13344955444335938,0.87109375,0.953125
question_only,cs336_alignment/prompts/question_only.prompt,question_only,144,-8.895411156117916e-06,0.06982421875,0.1447429656982422,0.671875,0.94140625
question_only,cs336_alignment/prompts/question_only.prompt,question_only,145,8.682254701852798e-07,0.111328125,0.16363525390625,0.765625,0.96875
question_only,cs336_alignment/prompts/question_only.prompt,question_only,146,-3.4924596548080444e-10,0.0712890625,0.15285110473632812,0.7578125,0.97265625
question_only,cs336_alignment/prompts/question_only.prompt,question_only,147,1.2420350685715675e-06,0.0947265625,0.16158676147460938,0.80078125,0.953125
question_only,cs336_alignment/prompts/question_only.prompt,question_only,148,-1.0477378964424133e-09,0.06787109375,0.13945388793945312,0.7734375,0.9375
question_only,cs336_alignment/prompts/question_only.prompt,question_only,149,2.561137080192566e-09,0.0947265625,0.16521835327148438,0.70703125,0.92578125
question_only,cs336_alignment/prompts/question_only.prompt,question_only,150,3.585941158235073e-06,0.08056640625,0.169647216796875,0.8359375,0.98046875
question_only,cs336_alignment/prompts/question_only.prompt,question_only,151,1.7462298274040222e-09,0.09375,0.1494598388671875,0.73828125,0.98046875
question_only,cs336_alignment/prompts/question_only.prompt,question_only,152,1.1641532182693481e-10,0.0869140625,0.170562744140625,0.76953125,0.984375
question_only,cs336_alignment/prompts/question_only.prompt,question_only,153,-5.035777576267719e-06,0.052978515625,0.15523910522460938,0.875,0.96875
question_only,cs336_alignment/prompts/question_only.prompt,question_only,154,1.400010660290718e-06,0.09716796875,0.14915084838867188,0.84765625,0.953125
question_only,cs336_alignment/prompts/question_only.prompt,question_only,155,6.984919309616089e-10,0.12158203125,0.15503883361816406,0.74609375,0.9921875
question_only,cs336_alignment/prompts/question_only.prompt,question_only,156,-4.2727915570139885e-06,0.0947265625,0.15625381469726562,0.88671875,0.98046875
question_only,cs336_alignment/prompts/question_only.prompt,question_only,157,3.743218258023262e-06,0.07666015625,0.13991737365722656,0.78515625,0.9375
question_only,cs336_alignment/prompts/question_only.prompt,question_only,158,6.984919309616089e-10,0.06640625,0.1489410400390625,0.8203125,0.94140625
question_only,cs336_alignment/prompts/question_only.prompt,question_only,159,7.174559868872166e-06,0.09521484375,0.13504409790039062,0.734375,0.94921875
question_only,cs336_alignment/prompts/question_only.prompt,question_only,160,-1.7926795408129692e-06,0.0703125,0.14792823791503906,0.6875,0.90234375
question_only,cs336_alignment/prompts/question_only.prompt,question_only,161,2.0954757928848267e-09,0.095703125,0.14148330688476562,0.75,0.9609375
question_only,cs336_alignment/prompts/question_only.prompt,question_only,162,4.6566128730773926e-09,0.10009765625,0.13888931274414062,0.8359375,0.96875
question_only,cs336_alignment/prompts/question_only.prompt,question_only,163,1.1195661500096321e-06,0.07568359375,0.12202835083007812,0.80078125,0.88671875
question_only,cs336_alignment/prompts/question_only.prompt,question_only,164,1.862645149230957e-09,0.11279296875,0.1627483367919922,0.69921875,0.94921875
question_only,cs336_alignment/prompts/question_only.prompt,question_only,165,1.1641532182693481e-10,0.048828125,0.16143417358398438,0.7421875,0.90625
question_only,cs336_alignment/prompts/question_only.prompt,question_only,166,1.3369251973927021e-05,0.0966796875,0.14371871948242188,0.8203125,0.98828125
question_only,cs336_alignment/prompts/question_only.prompt,question_only,167,1.6427366062998772e-06,0.07861328125,0.1357574462890625,0.83203125,0.9609375
question_only,cs336_alignment/prompts/question_only.prompt,question_only,168,-3.851600922644138e-06,0.07373046875,0.1552448272705078,0.73046875,0.95703125
question_only,cs336_alignment/prompts/question_only.prompt,question_only,169,-2.2118911147117615e-09,0.08544921875,0.14862060546875,0.78515625,0.9609375
question_only,cs336_alignment/prompts/question_only.prompt,question_only,170,-5.027744919061661e-06,0.08056640625,0.13716888427734375,0.82421875,0.9609375
question_only,cs336_alignment/prompts/question_only.prompt,question_only,171,-5.448237061500549e-08,0.11767578125,0.14596176147460938,0.84765625,0.98828125
question_only,cs336_alignment/prompts/question_only.prompt,question_only,172,-1.7462298274040222e-09,0.0634765625,0.16025543212890625,0.796875,0.98046875
question_only,cs336_alignment/prompts/question_only.prompt,question_only,173,-1.1641532182693481e-10,0.09375,0.14078521728515625,0.76171875,0.98046875
question_only,cs336_alignment/prompts/question_only.prompt,question_only,174,7.270835340023041e-06,0.08935546875,0.13013076782226562,0.828125,0.953125
question_only,cs336_alignment/prompts/question_only.prompt,question_only,175,4.300381988286972e-07,0.0849609375,0.15806198120117188,0.79296875,0.9453125
question_only,cs336_alignment/prompts/question_only.prompt,question_only,176,-4.889443516731262e-09,0.091796875,0.14761734008789062,0.77734375,0.9375
question_only,cs336_alignment/prompts/question_only.prompt,question_only,177,2.225162461400032e-06,0.10595703125,0.1396331787109375,0.734375,0.8984375
question_only,cs336_alignment/prompts/question_only.prompt,question_only,178,8.235103450715542e-06,0.068359375,0.14657211303710938,0.78125,0.9609375
question_only,cs336_alignment/prompts/question_only.prompt,question_only,179,9.592622518539429e-08,0.09130859375,0.14556121826171875,0.79296875,0.97265625
question_only,cs336_alignment/prompts/question_only.prompt,question_only,180,-2.0954757928848267e-09,0.064453125,0.12250709533691406,0.83203125,0.9609375
question_only,cs336_alignment/prompts/question_only.prompt,question_only,181,-2.0954757928848267e-09,0.08056640625,0.1431751251220703,0.68359375,0.91015625
question_only,cs336_alignment/prompts/question_only.prompt,question_only,182,1.0477378964424133e-09,0.08251953125,0.1482086181640625,0.8125,0.97265625
question_only,cs336_alignment/prompts/question_only.prompt,question_only,183,1.0477378964424133e-09,0.06298828125,0.13448333740234375,0.8671875,1.0
question_only,cs336_alignment/prompts/question_only.prompt,question_only,184,7.040798664093018e-07,0.10888671875,0.13350677490234375,0.80078125,0.9609375
question_only,cs336_alignment/prompts/question_only.prompt,question_only,185,-3.725290298461914e-09,0.08154296875,0.13629531860351562,0.90625,0.984375
question_only,cs336_alignment/prompts/question_only.prompt,question_only,186,-7.274560630321503e-06,0.06689453125,0.1281757354736328,0.77734375,0.953125
question_only,cs336_alignment/prompts/question_only.prompt,question_only,187,1.1641532182693481e-10,0.07421875,0.13787078857421875,0.8671875,0.96875
question_only,cs336_alignment/prompts/question_only.prompt,question_only,188,4.200381226837635e-06,0.10009765625,0.15076446533203125,0.77734375,0.96875
question_only,cs336_alignment/prompts/question_only.prompt,question_only,189,-1.1641532182693481e-10,0.10693359375,0.13498687744140625,0.8046875,0.9609375
question_only,cs336_alignment/prompts/question_only.prompt,question_only,190,1.862645149230957e-09,0.09423828125,0.13891983032226562,0.75390625,0.921875
question_only,cs336_alignment/prompts/question_only.prompt,question_only,191,-2.0954757928848267e-09,0.08837890625,0.132904052734375,0.8359375,0.95703125
question_only,cs336_alignment/prompts/question_only.prompt,question_only,192,-3.4924596548080444e-10,0.0791015625,0.11905097961425781,0.9140625,0.99609375
question_only,cs336_alignment/prompts/question_only.prompt,question_only,193,-1.979060471057892e-09,0.09228515625,0.15091705322265625,0.8125,0.984375
question_only,cs336_alignment/prompts/question_only.prompt,question_only,194,5.110516212880611e-06,0.07421875,0.14453125,0.82421875,0.96875
question_only,cs336_alignment/prompts/question_only.prompt,question_only,195,1.0322663001716137e-05,0.08935546875,0.15130996704101562,0.68359375,0.94140625
question_only,cs336_alignment/prompts/question_only.prompt,question_only,196,-2.9813963919878006e-07,0.11279296875,0.14699935913085938,0.703125,0.890625
question_only,cs336_alignment/prompts/question_only.prompt,question_only,197,7.649185135960579e-06,0.11962890625,0.15015029907226562,0.83984375,1.0
question_only,cs336_alignment/prompts/question_only.prompt,question_only,198,-8.149072527885437e-10,0.0830078125,0.14783859252929688,0.7421875,0.9609375
question_only,cs336_alignment/prompts/question_only.prompt,question_only,199,2.8068898245692253e-06,0.10693359375,0.1400604248046875,0.7421875,0.9453125
question_only,cs336_alignment/prompts/question_only.prompt,question_only,200,0.0,0.09326171875,0.13010025024414062,0.79296875,0.96875
