run,grpo_step,optimizer_step,loss,grad_norm,token_entropy,reference_kl,kl_penalty,train_answer_accuracy,train_format_accuracy
grpo_sft256_step100_kl0p01_190,1,1,-0.11559365433961988,0.65234375,0.44005584716796875,9.349547326564789e-06,9.260838851332664e-08,0.41015625,0.875
grpo_sft256_step100_kl0p01_190,2,2,-0.05081907398792396,0.8515625,0.1847076416015625,0.010014891624450684,0.00010011250560637563,0.65234375,0.96875
grpo_sft256_step100_kl0p01_190,3,3,-0.0174373772193519,0.97265625,0.17758560180664062,0.03148195147514343,0.00031522149220108986,0.5703125,0.984375
grpo_sft256_step100_kl0p01_190,4,4,-0.006044642796695143,1.046875,0.15537643432617188,0.04375958442687988,0.0004374943673610687,0.4609375,0.96484375
grpo_sft256_step100_kl0p01_190,5,5,-0.013255256541697236,0.88671875,0.158447265625,0.053133487701416016,0.0005314908921718597,0.47265625,0.984375
grpo_sft256_step100_kl0p01_190,6,6,0.0007193035091859201,0.921875,0.19110107421875,0.0634913444519043,0.0006349906325340271,0.33203125,0.96484375
grpo_sft256_step100_kl0p01_190,7,7,-0.0026118299010704504,0.83984375,0.15143394470214844,0.0740731954574585,0.0007405579090118408,0.515625,0.98828125
grpo_sft256_step100_kl0p01_190,8,8,-0.010120719572853432,1.0234375,0.15116596221923828,0.07849287986755371,0.0007851216942071915,0.45703125,0.98828125
grpo_sft256_step100_kl0p01_190,9,9,-0.002191001226606204,0.83203125,0.14417076110839844,0.08003091812133789,0.0008002817630767822,0.45703125,0.9921875
grpo_sft256_step100_kl0p01_190,10,10,-0.00829535893853972,0.921875,0.16563796997070312,0.07818317413330078,0.0007818527519702911,0.453125,0.96484375
grpo_sft256_step100_kl0p01_190,11,11,0.0033107447086422326,0.7578125,0.14403724670410156,0.07972168922424316,0.0007972009479999542,0.41015625,0.96875
grpo_sft256_step100_kl0p01_190,12,12,-0.0017275867128887512,0.65234375,0.1244049072265625,0.06795549392700195,0.0006795711815357208,0.609375,0.98828125
grpo_sft256_step100_kl0p01_190,13,13,-0.01795050901569084,0.90234375,0.1448516845703125,0.07769966125488281,0.0007767109200358391,0.48828125,0.984375
grpo_sft256_step100_kl0p01_190,14,14,-0.0029821736777648766,0.69921875,0.14191818237304688,0.08376216888427734,0.0008375011384487152,0.5078125,0.96484375
grpo_sft256_step100_kl0p01_190,15,15,-0.005724949405816915,0.64453125,0.17247772216796875,0.08819007873535156,0.0008823424577713013,0.359375,0.953125
grpo_sft256_step100_kl0p01_190,16,16,-0.012384867406865396,0.77734375,0.1376171112060547,0.07438135147094727,0.0007437020540237427,0.4375,0.98046875
grpo_sft256_step100_kl0p01_190,17,17,-0.0025042769011633936,0.69140625,0.14728164672851562,0.09205818176269531,0.0009207651019096375,0.39453125,0.95703125
grpo_sft256_step100_kl0p01_190,18,18,-0.011043508813145309,0.8125,0.16353225708007812,0.09482085704803467,0.0009481157176196575,0.40234375,0.96484375
grpo_sft256_step100_kl0p01_190,19,19,-0.0037082716239638103,0.7265625,0.12668609619140625,0.08282732963562012,0.0008285995572805405,0.578125,0.96484375
grpo_sft256_step100_kl0p01_190,20,20,0.00020399397703840805,0.71484375,0.1479816436767578,0.095001220703125,0.0009506195783615112,0.42578125,0.96484375
grpo_sft256_step100_kl0p01_190,21,21,-0.005324899314018694,0.7734375,0.14443397521972656,0.1005859375,0.0010057836771011353,0.4375,0.97265625
grpo_sft256_step100_kl0p01_190,22,22,0.00494876687866963,0.80859375,0.14597129821777344,0.10127830505371094,0.0010126084089279175,0.484375,0.95703125
grpo_sft256_step100_kl0p01_190,23,23,-0.0055333982395495696,0.73828125,0.13880538940429688,0.0978240966796875,0.0009783580899238586,0.515625,0.98046875
grpo_sft256_step100_kl0p01_190,24,24,-0.006417920046033032,0.76171875,0.13871383666992188,0.09916305541992188,0.0009915754199028015,0.47265625,0.984375
grpo_sft256_step100_kl0p01_190,25,25,-0.00917984858165255,0.76171875,0.12982177734375,0.10037994384765625,0.0010044798254966736,0.49609375,0.9921875
grpo_sft256_step100_kl0p01_190,26,26,-0.0018421142086708642,0.55859375,0.14094161987304688,0.10228347778320312,0.0010231956839561462,0.45703125,0.98046875
grpo_sft256_step100_kl0p01_190,27,27,-0.00028625117590763693,0.75,0.12473392486572266,0.09833335876464844,0.0009833797812461853,0.5625,0.984375
grpo_sft256_step100_kl0p01_190,28,28,-0.005129629704697436,0.578125,0.11438846588134766,0.08982515335083008,0.0008992217481136322,0.55078125,0.97265625
grpo_sft256_step100_kl0p01_190,29,29,-0.001222651123725882,0.73046875,0.13608169555664062,0.10517406463623047,0.0010519102215766907,0.4765625,0.98046875
grpo_sft256_step100_kl0p01_190,30,30,-0.002110401218487823,0.51953125,0.11792230606079102,0.08650684356689453,0.0008653588593006134,0.47265625,0.96484375
grpo_sft256_step100_kl0p01_190,31,31,-0.00025080080376937985,0.6171875,0.11580085754394531,0.09450149536132812,0.0009450539946556091,0.56640625,0.98046875
grpo_sft256_step100_kl0p01_190,32,32,-0.00011400387006688106,0.4921875,0.1255779266357422,0.11089038848876953,0.001109108328819275,0.56640625,0.9921875
grpo_sft256_step100_kl0p01_190,33,33,-0.0025469389361205685,0.71484375,0.15223121643066406,0.12529754638671875,0.001253027468919754,0.5078125,0.99609375
grpo_sft256_step100_kl0p01_190,34,34,-0.005897743565128621,0.62109375,0.13615989685058594,0.11026382446289062,0.0011028796434402466,0.546875,0.96484375
grpo_sft256_step100_kl0p01_190,35,35,-0.0016402124670094054,0.71875,0.1509113311767578,0.12334251403808594,0.0012330859899520874,0.39453125,0.953125
grpo_sft256_step100_kl0p01_190,36,36,-0.0036415317490536836,0.8359375,0.1546764373779297,0.11046218872070312,0.0011044889688491821,0.41015625,0.9609375
grpo_sft256_step100_kl0p01_190,37,37,-0.0053385521887321374,0.625,0.12394523620605469,0.1305980682373047,0.0013057738542556763,0.52734375,0.96875
grpo_sft256_step100_kl0p01_190,38,38,0.005063375236431966,0.75390625,0.14043426513671875,0.117156982421875,0.001171611249446869,0.515625,0.953125
grpo_sft256_step100_kl0p01_190,39,39,-0.0017173941466808174,0.66015625,0.12326431274414062,0.1212158203125,0.0012119859457015991,0.59765625,0.9765625
grpo_sft256_step100_kl0p01_190,40,40,-0.0036014753939070943,0.55078125,0.12640380859375,0.10782146453857422,0.0010779649019241333,0.4453125,0.96484375
grpo_sft256_step100_kl0p01_190,41,41,-0.003091517895427387,0.67578125,0.12476348876953125,0.11133766174316406,0.001113206148147583,0.53515625,0.95703125
grpo_sft256_step100_kl0p01_190,42,42,0.0004380515711090993,0.6484375,0.1358013153076172,0.11861610412597656,0.0011856704950332642,0.484375,0.96875
grpo_sft256_step100_kl0p01_190,43,43,-0.002047041631612956,0.58203125,0.11962699890136719,0.11135482788085938,0.00111408531665802,0.47265625,0.9765625
grpo_sft256_step100_kl0p01_190,44,44,-0.0027863723767040938,0.61328125,0.1335296630859375,0.12902021408081055,0.0012895837426185608,0.515625,0.96875
grpo_sft256_step100_kl0p01_190,45,45,-0.005408295406141406,0.5546875,0.13599395751953125,0.12030506134033203,0.0012027695775032043,0.47265625,0.953125
grpo_sft256_step100_kl0p01_190,46,46,-0.005122000166011276,0.427734375,0.1494140625,0.13901329040527344,0.0013899803161621094,0.46875,0.9765625
grpo_sft256_step100_kl0p01_190,47,47,-0.0008935632381508185,0.70703125,0.13337326049804688,0.14388656616210938,0.0014386922121047974,0.515625,0.984375
grpo_sft256_step100_kl0p01_190,48,48,-0.0011875993668581941,0.59375,0.12469100952148438,0.12449073791503906,0.001244276762008667,0.41015625,0.95703125
grpo_sft256_step100_kl0p01_190,49,49,-0.0005529897935048211,0.6328125,0.12248611450195312,0.13384437561035156,0.0013380348682403564,0.5,0.984375
grpo_sft256_step100_kl0p01_190,50,50,-0.0015379650917566323,0.828125,0.15381622314453125,0.175018310546875,0.0017501413822174072,0.5859375,0.9921875
grpo_sft256_step100_kl0p01_190,51,51,-0.0038527428184806922,1.375,0.12519311904907227,0.1490001678466797,0.001490224152803421,0.640625,0.96875
grpo_sft256_step100_kl0p01_190,52,52,0.015776319518636228,1.734375,0.1900501251220703,0.2468090057373047,0.002469003200531006,0.51171875,0.953125
grpo_sft256_step100_kl0p01_190,53,53,-0.014405385438976737,1.7109375,0.19957923889160156,0.23852157592773438,0.0023851096630096436,0.53515625,0.93359375
grpo_sft256_step100_kl0p01_190,54,54,-0.031965335471568324,2.921875,0.25412559509277344,0.282257080078125,0.002821624279022217,0.453125,0.953125
grpo_sft256_step100_kl0p01_190,55,55,-0.007730703612196521,0.9921875,0.17739486694335938,0.2166156768798828,0.0021681487560272217,0.52734375,0.9609375
grpo_sft256_step100_kl0p01_190,56,56,-0.002826332914082741,1.28125,0.14135074615478516,0.21876907348632812,0.0021873414516448975,0.44921875,0.9453125
grpo_sft256_step100_kl0p01_190,57,57,0.0005454165575429215,0.7421875,0.12255668640136719,0.19446372985839844,0.0019450783729553223,0.6640625,0.984375
grpo_sft256_step100_kl0p01_190,58,58,-0.0012921580503189034,0.59765625,0.11589908599853516,0.14734554290771484,0.0014734119176864624,0.53515625,0.9765625
grpo_sft256_step100_kl0p01_190,59,59,-0.004158013451160514,0.515625,0.11151123046875,0.15145301818847656,0.0015145838260650635,0.58203125,0.9921875
grpo_sft256_step100_kl0p01_190,60,60,-0.006061661222929615,0.60546875,0.12069129943847656,0.15627670288085938,0.001562371850013733,0.3671875,0.98046875
grpo_sft256_step100_kl0p01_190,61,61,-0.0029167204852456052,0.79296875,0.12224102020263672,0.1693592071533203,0.0016941577196121216,0.47265625,0.98046875
grpo_sft256_step100_kl0p01_190,62,62,-0.0006660554854533984,0.640625,0.12889671325683594,0.1721649169921875,0.0017219632863998413,0.4921875,0.96875
grpo_sft256_step100_kl0p01_190,63,63,0.0009130076086876215,0.640625,0.1215972900390625,0.17423629760742188,0.0017420202493667603,0.6640625,0.9765625
grpo_sft256_step100_kl0p01_190,64,64,-0.0030519821148118353,0.77734375,0.1271810531616211,0.16712570190429688,0.0016714930534362793,0.4453125,0.96875
grpo_sft256_step100_kl0p01_190,65,65,-6.4553614720352925e-06,0.57421875,0.12539291381835938,0.16018962860107422,0.001601576805114746,0.55078125,0.9765625
grpo_sft256_step100_kl0p01_190,66,66,-0.004369330153622286,0.59375,0.12405204772949219,0.17879295349121094,0.0017874836921691895,0.59765625,0.96484375
grpo_sft256_step100_kl0p01_190,67,67,-0.0010771180359370192,0.62890625,0.123809814453125,0.1637554168701172,0.0016379058361053467,0.41015625,0.9609375
grpo_sft256_step100_kl0p01_190,68,68,-0.004687311976340425,0.578125,0.13947677612304688,0.19890213012695312,0.0019891560077667236,0.51171875,0.9765625
grpo_sft256_step100_kl0p01_190,69,69,-0.003074621763516916,0.66015625,0.11299800872802734,0.15796756744384766,0.0015792399644851685,0.6328125,0.984375
grpo_sft256_step100_kl0p01_190,70,70,0.0013818209336022846,0.54296875,0.1273517608642578,0.17573928833007812,0.001758664846420288,0.578125,0.96875
grpo_sft256_step100_kl0p01_190,71,71,-0.0038115801053208997,0.6328125,0.12361335754394531,0.13776016235351562,0.001378074288368225,0.3515625,0.9296875
grpo_sft256_step100_kl0p01_190,72,72,-0.0020968641895251494,0.44921875,0.11195755004882812,0.16499900817871094,0.001650109887123108,0.60546875,0.97265625
grpo_sft256_step100_kl0p01_190,73,73,-0.0011735298307939956,0.6328125,0.12174224853515625,0.178314208984375,0.0017830431461334229,0.5390625,0.94140625
grpo_sft256_step100_kl0p01_190,74,74,-0.000448743465312873,0.734375,0.12446022033691406,0.1642475128173828,0.0016429424285888672,0.51171875,0.96875
grpo_sft256_step100_kl0p01_190,75,75,-0.0017528833204778493,0.59375,0.11164093017578125,0.179473876953125,0.0017956644296646118,0.54296875,0.9765625
grpo_sft256_step100_kl0p01_190,76,76,0.004025999784971646,0.482421875,0.12233543395996094,0.17391014099121094,0.0017393231391906738,0.54296875,0.94921875
grpo_sft256_step100_kl0p01_190,77,77,0.001035387522279052,0.609375,0.11393165588378906,0.1669788360595703,0.0016692578792572021,0.4453125,0.95703125
grpo_sft256_step100_kl0p01_190,78,78,-0.005269444332952844,0.81640625,0.1150350570678711,0.1587657928466797,0.0015875399112701416,0.59375,0.96875
grpo_sft256_step100_kl0p01_190,79,79,-0.004345165119502781,0.44140625,0.10673332214355469,0.15213775634765625,0.001521289348602295,0.5390625,0.9140625
grpo_sft256_step100_kl0p01_190,80,80,-0.0037033771747019273,0.5234375,0.10902118682861328,0.15507936477661133,0.001550815999507904,0.6328125,0.984375
grpo_sft256_step100_kl0p01_190,81,81,0.0012098572665308893,0.53515625,0.11891460418701172,0.17908287048339844,0.0017913281917572021,0.609375,0.97265625
grpo_sft256_step100_kl0p01_190,82,82,-0.004237948621266696,0.59765625,0.11901664733886719,0.16530418395996094,0.0016525834798812866,0.60546875,0.9765625
grpo_sft256_step100_kl0p01_190,83,83,-0.004696523247730511,0.6953125,0.1075277328491211,0.16707420349121094,0.0016709491610527039,0.59375,0.96875
grpo_sft256_step100_kl0p01_190,84,84,-0.0004888207122348831,0.6484375,0.11767196655273438,0.16403579711914062,0.001641109585762024,0.48828125,0.91796875
grpo_sft256_step100_kl0p01_190,85,85,-0.003965560593769624,0.490234375,0.10470199584960938,0.16529464721679688,0.0016531646251678467,0.52734375,0.96484375
grpo_sft256_step100_kl0p01_190,86,86,-0.002608821157082275,0.6171875,0.11505317687988281,0.18465042114257812,0.0018465220928192139,0.5546875,0.984375
grpo_sft256_step100_kl0p01_190,87,87,-0.004404777594118059,0.578125,0.10628509521484375,0.1700611114501953,0.0017002224922180176,0.65625,0.98828125
grpo_sft256_step100_kl0p01_190,88,88,-0.00021846550248483254,0.55078125,0.11643028259277344,0.18004226684570312,0.0017998963594436646,0.53515625,0.9609375
grpo_sft256_step100_kl0p01_190,89,89,-8.735498749956605e-05,0.671875,0.121002197265625,0.18565940856933594,0.0018563717603683472,0.65234375,0.984375
grpo_sft256_step100_kl0p01_190,90,90,-0.0015725407752142928,0.462890625,0.10330390930175781,0.15492630004882812,0.0015482902526855469,0.70703125,0.97265625
grpo_sft256_step100_kl0p01_190,91,91,0.0029072725328660454,0.5390625,0.09858322143554688,0.1491413116455078,0.0014917850494384766,0.52734375,0.95703125
grpo_sft256_step100_kl0p01_190,92,92,-0.0015663779761325713,0.451171875,0.11894035339355469,0.15896987915039062,0.0015907436609268188,0.45703125,0.9765625
grpo_sft256_step100_kl0p01_190,93,93,-0.004856585225752497,0.376953125,0.11061286926269531,0.1629352569580078,0.001629859209060669,0.66796875,0.9765625
grpo_sft256_step100_kl0p01_190,94,94,-0.003963294310096899,0.5234375,0.10053634643554688,0.1414966583251953,0.0014148056507110596,0.59765625,0.94140625
grpo_sft256_step100_kl0p01_190,95,95,0.00043501032087078784,0.55859375,0.11283302307128906,0.17525863647460938,0.001751720905303955,0.59765625,0.97265625
grpo_sft256_step100_kl0p01_190,96,96,-0.005132646481797565,0.439453125,0.10556602478027344,0.17006492614746094,0.0017000138759613037,0.609375,0.953125
grpo_sft256_step100_kl0p01_190,97,97,-0.001115434321036446,0.443359375,0.12175178527832031,0.17858314514160156,0.0017852187156677246,0.51171875,0.9453125
grpo_sft256_step100_kl0p01_190,98,98,-0.0015751309897495958,0.341796875,0.11012458801269531,0.17069053649902344,0.0017068088054656982,0.5234375,0.95703125
grpo_sft256_step100_kl0p01_190,99,99,-0.001395618272908905,0.52734375,0.09036540985107422,0.15136432647705078,0.0015127509832382202,0.54296875,0.9140625
grpo_sft256_step100_kl0p01_190,100,100,-0.00043825385910167824,0.453125,0.10213851928710938,0.16989898681640625,0.001699686050415039,0.53515625,0.96875
grpo_sft256_step100_kl0p01_190,101,101,-0.006812954992255982,0.455078125,0.09677696228027344,0.1541423797607422,0.0015412569046020508,0.46484375,0.89453125
grpo_sft256_step100_kl0p01_190,102,102,-0.0005080277605884476,0.54296875,0.12868690490722656,0.20172882080078125,0.002017408609390259,0.62109375,0.96875
grpo_sft256_step100_kl0p01_190,103,103,0.002458654969359486,0.62109375,0.10762214660644531,0.18199729919433594,0.0018200576305389404,0.6640625,0.98046875
grpo_sft256_step100_kl0p01_190,104,104,-0.0018948694082610018,0.40234375,0.09935474395751953,0.15572547912597656,0.0015566907823085785,0.6171875,0.9375
grpo_sft256_step100_kl0p01_190,105,105,-0.00039885513342596823,0.45703125,0.09275627136230469,0.16156959533691406,0.001615762710571289,0.69921875,0.96484375
grpo_sft256_step100_kl0p01_190,106,106,-0.000896198509963142,0.486328125,0.0996856689453125,0.18033218383789062,0.0018032491207122803,0.58984375,0.97265625
grpo_sft256_step100_kl0p01_190,107,107,0.0011280338671895151,0.5390625,0.09855079650878906,0.17490768432617188,0.0017497986555099487,0.6328125,0.921875
grpo_sft256_step100_kl0p01_190,108,108,-0.0015594652386425878,0.328125,0.10822200775146484,0.16766738891601562,0.0016760081052780151,0.515625,0.88671875
grpo_sft256_step100_kl0p01_190,109,109,1.1950121916015632e-05,0.333984375,0.0956878662109375,0.16773223876953125,0.001677095890045166,0.55078125,0.94140625
grpo_sft256_step100_kl0p01_190,110,110,0.0013569538396041025,0.419921875,0.10278129577636719,0.1767292022705078,0.0017679780721664429,0.609375,0.96484375
grpo_sft256_step100_kl0p01_190,111,111,-0.00014412258269658196,0.310546875,0.095947265625,0.14793872833251953,0.001479312777519226,0.375,0.91796875
grpo_sft256_step100_kl0p01_190,112,112,-0.0013841693937592936,0.33203125,0.09035587310791016,0.1417236328125,0.001416519284248352,0.55078125,0.8984375
grpo_sft256_step100_kl0p01_190,113,113,-0.0034440577996974753,0.380859375,0.09545516967773438,0.1671009063720703,0.001671120524406433,0.61328125,0.95703125
grpo_sft256_step100_kl0p01_190,114,114,-0.0005160847790648404,0.39453125,0.09760475158691406,0.17255783081054688,0.0017254650592803955,0.58984375,0.9140625
grpo_sft256_step100_kl0p01_190,115,115,0.0030204766135284444,0.44921875,0.09562206268310547,0.17081260681152344,0.0017067790031433105,0.62109375,0.9375
grpo_sft256_step100_kl0p01_190,116,116,-0.0010851681845451822,0.5078125,0.10008049011230469,0.1810626983642578,0.0018103718757629395,0.51171875,0.984375
grpo_sft256_step100_kl0p01_190,117,117,-0.001480040563365037,0.392578125,0.09543991088867188,0.1791210174560547,0.0017912238836288452,0.6953125,0.9375
grpo_sft256_step100_kl0p01_190,118,118,-0.0024526560455342405,0.40234375,0.09028244018554688,0.17800521850585938,0.0017803162336349487,0.6328125,0.91796875
grpo_sft256_step100_kl0p01_190,119,119,-0.0026573191275929275,0.435546875,0.09792518615722656,0.17911148071289062,0.0017924010753631592,0.6015625,0.953125
grpo_sft256_step100_kl0p01_190,120,120,0.002944195001873595,0.94140625,0.11470603942871094,0.20133399963378906,0.0020137429237365723,0.5,0.984375
grpo_sft256_step100_kl0p01_190,121,121,-0.0014634024196311657,0.384765625,0.08576202392578125,0.17055320739746094,0.001705169677734375,0.609375,0.9296875
grpo_sft256_step100_kl0p01_190,122,122,-0.0025073196629818995,0.48828125,0.09155082702636719,0.17009544372558594,0.0017013847827911377,0.41796875,0.9140625
grpo_sft256_step100_kl0p01_190,123,123,-0.004556094358122209,0.49609375,0.0775299072265625,0.15019989013671875,0.0015027672052383423,0.55859375,0.9375
grpo_sft256_step100_kl0p01_190,124,124,-0.0026080180164171907,0.390625,0.08697700500488281,0.1789531707763672,0.0017895400524139404,0.6953125,0.984375
grpo_sft256_step100_kl0p01_190,125,125,0.002128523758983647,0.49609375,0.09846305847167969,0.19240760803222656,0.0019243955612182617,0.64453125,0.984375
grpo_sft256_step100_kl0p01_190,126,126,0.00037230241105135065,0.3984375,0.08852291107177734,0.1718730926513672,0.001718766987323761,0.69140625,0.98828125
grpo_sft256_step100_kl0p01_190,127,127,0.0015482980256820156,0.462890625,0.09916114807128906,0.18535804748535156,0.0018526315689086914,0.62890625,0.94921875
grpo_sft256_step100_kl0p01_190,128,128,-0.003200545440904534,0.404296875,0.08201408386230469,0.1707916259765625,0.001708880066871643,0.65625,0.95703125
grpo_sft256_step100_kl0p01_190,129,129,-0.0005061537790425064,0.46484375,0.07997322082519531,0.17936420440673828,0.0017938464879989624,0.62890625,0.9609375
grpo_sft256_step100_kl0p01_190,130,130,0.0011478120404717629,0.498046875,0.08559799194335938,0.16674423217773438,0.0016682446002960205,0.60546875,0.93359375
grpo_sft256_step100_kl0p01_190,131,131,0.0017346636195725296,0.419921875,0.104583740234375,0.20281600952148438,0.0020290017127990723,0.53125,0.9609375
grpo_sft256_step100_kl0p01_190,132,132,-0.0032138468013727106,0.578125,0.08494377136230469,0.192535400390625,0.0019255578517913818,0.60546875,0.93359375
grpo_sft256_step100_kl0p01_190,133,133,0.0006945172926862142,0.625,0.09302234649658203,0.22553634643554688,0.0022560954093933105,0.53515625,0.96484375
grpo_sft256_step100_kl0p01_190,134,134,-0.0026329570118832635,0.466796875,0.08358001708984375,0.17869186401367188,0.0017866790294647217,0.52734375,0.94921875
grpo_sft256_step100_kl0p01_190,135,135,-0.000189799632607901,0.421875,0.07880210876464844,0.20235061645507812,0.0020240843296051025,0.74609375,0.984375
grpo_sft256_step100_kl0p01_190,136,136,0.00010760227996797767,0.4609375,0.07815122604370117,0.1825580596923828,0.001825958490371704,0.6796875,0.9609375
grpo_sft256_step100_kl0p01_190,137,137,0.0011045817873309716,0.60546875,0.09433174133300781,0.19808006286621094,0.0019800961017608643,0.62890625,0.97265625
grpo_sft256_step100_kl0p01_190,138,138,-0.0007440795725415228,0.466796875,0.07394981384277344,0.1720905303955078,0.0017206370830535889,0.6875,0.98046875
grpo_sft256_step100_kl0p01_190,139,139,-0.0029871969527448528,0.369140625,0.08538246154785156,0.20133590698242188,0.0020141303539276123,0.62890625,0.96875
grpo_sft256_step100_kl0p01_190,140,140,-0.0016745781213103328,0.4609375,0.08358573913574219,0.18445968627929688,0.001844644546508789,0.5,0.953125
grpo_sft256_step100_kl0p01_190,141,141,-0.005383338768297108,0.5390625,0.0754861831665039,0.19150924682617188,0.0019152909517288208,0.6484375,0.96875
grpo_sft256_step100_kl0p01_190,142,142,0.0026478480622245115,0.482421875,0.08710670471191406,0.19762802124023438,0.001975834369659424,0.65234375,0.97265625
grpo_sft256_step100_kl0p01_190,143,143,0.0011873343960360216,0.365234375,0.07730293273925781,0.20676803588867188,0.0020677000284194946,0.76953125,0.95703125
grpo_sft256_step100_kl0p01_190,144,144,0.0029574389031949977,0.59375,0.07589960098266602,0.1576690673828125,0.0015771687030792236,0.55859375,0.95703125
grpo_sft256_step100_kl0p01_190,145,145,-0.0022385618676707963,0.45703125,0.08753395080566406,0.208892822265625,0.002088695764541626,0.56640625,0.94921875
grpo_sft256_step100_kl0p01_190,146,146,-0.0010775951313917176,0.482421875,0.08186531066894531,0.2110748291015625,0.002111762762069702,0.5703125,0.95703125
grpo_sft256_step100_kl0p01_190,147,147,-0.002244635409624607,0.55078125,0.08423995971679688,0.20000457763671875,0.0019999295473098755,0.65625,0.953125
grpo_sft256_step100_kl0p01_190,148,148,0.0022548972456206684,0.734375,0.07539939880371094,0.18908309936523438,0.0018909871578216553,0.6015625,0.96875
grpo_sft256_step100_kl0p01_190,149,149,-0.007531358791311504,0.421875,0.0896005630493164,0.1914043426513672,0.001913696527481079,0.5859375,0.9609375
grpo_sft256_step100_kl0p01_190,150,150,0.00028293749483054853,0.51953125,0.08213424682617188,0.21499252319335938,0.0021502822637557983,0.53125,0.9609375
grpo_sft256_step100_kl0p01_190,151,151,-0.0010650100807652052,0.56640625,0.0856008529663086,0.20550918579101562,0.0020553171634674072,0.515625,0.98046875
grpo_sft256_step100_kl0p01_190,152,152,-0.00044441070713219233,0.56640625,0.08832740783691406,0.22324371337890625,0.0022332966327667236,0.51171875,0.98828125
grpo_sft256_step100_kl0p01_190,153,153,-0.00046553426091122674,0.46484375,0.08136510848999023,0.21852874755859375,0.0021857023239135742,0.71484375,0.984375
grpo_sft256_step100_kl0p01_190,154,154,-0.0013554218039644184,0.447265625,0.07427406311035156,0.19477462768554688,0.0019480884075164795,0.578125,0.96484375
grpo_sft256_step100_kl0p01_190,155,155,0.0017104026537708705,0.451171875,0.080841064453125,0.21497726440429688,0.0021495819091796875,0.703125,0.96875
grpo_sft256_step100_kl0p01_190,156,156,-0.00223888512209669,0.90625,0.08373832702636719,0.2110767364501953,0.0021115541458129883,0.62109375,0.984375
grpo_sft256_step100_kl0p01_190,157,157,-0.002955760315671796,0.65625,0.07260990142822266,0.191131591796875,0.0019116401672363281,0.4921875,0.96484375
grpo_sft256_step100_kl0p01_190,158,158,0.0018826791738320026,0.68359375,0.061962127685546875,0.20374298095703125,0.00203704833984375,0.734375,0.96484375
grpo_sft256_step100_kl0p01_190,159,159,0.000695601482220809,0.40625,0.07674598693847656,0.20114517211914062,0.0020110905170440674,0.5546875,0.93359375
grpo_sft256_step100_kl0p01_190,160,160,-0.0015020977625681553,0.38671875,0.07443714141845703,0.18171310424804688,0.0018166303634643555,0.5234375,0.89453125
grpo_sft256_step100_kl0p01_190,161,161,0.0013426442328636767,0.435546875,0.07191181182861328,0.20419883728027344,0.0020433366298675537,0.6484375,0.9296875
grpo_sft256_step100_kl0p01_190,162,162,-0.0008898568767108372,0.44921875,0.07475471496582031,0.2178821563720703,0.0021789371967315674,0.69140625,0.96484375
grpo_sft256_step100_kl0p01_190,163,163,0.0006857280241092667,0.3984375,0.06898212432861328,0.20745468139648438,0.0020734667778015137,0.69921875,0.9453125
grpo_sft256_step100_kl0p01_190,164,164,-0.0015565102594337077,0.494140625,0.08649635314941406,0.21004867553710938,0.0020998120307922363,0.53125,0.953125
grpo_sft256_step100_kl0p01_190,165,165,0.001195399680909759,0.357421875,0.0908365249633789,0.2529296875,0.0025309622287750244,0.578125,0.96875
grpo_sft256_step100_kl0p01_190,166,166,0.001690888061602891,0.421875,0.07393550872802734,0.20496368408203125,0.0020501315593719482,0.66015625,0.96875
grpo_sft256_step100_kl0p01_190,167,167,0.003302606092802307,0.43359375,0.07193374633789062,0.20750808715820312,0.002074897289276123,0.6796875,0.96875
grpo_sft256_step100_kl0p01_190,168,168,0.0020775561115442542,0.53125,0.08004379272460938,0.21809005737304688,0.0021818578243255615,0.63671875,0.94140625
grpo_sft256_step100_kl0p01_190,169,169,0.00015984893525455846,0.3828125,0.07491683959960938,0.19824600219726562,0.001983344554901123,0.625,0.93359375
grpo_sft256_step100_kl0p01_190,170,170,0.002074052520129044,0.49609375,0.07747173309326172,0.23263168334960938,0.002325296401977539,0.62109375,0.9296875
grpo_sft256_step100_kl0p01_190,171,171,0.0030053147133912717,0.43359375,0.07943296432495117,0.22939300537109375,0.002293914556503296,0.671875,0.9609375
grpo_sft256_step100_kl0p01_190,172,172,-0.00020094600085940328,0.61328125,0.07916259765625,0.2232818603515625,0.0022316575050354004,0.65625,0.953125
grpo_sft256_step100_kl0p01_190,173,173,0.0018959559110953705,0.5546875,0.0707235336303711,0.21307373046875,0.002130568027496338,0.5703125,0.91796875
grpo_sft256_step100_kl0p01_190,174,174,0.0006634226133428456,0.3515625,0.07206106185913086,0.18514251708984375,0.0018508732318878174,0.53515625,0.96875
grpo_sft256_step100_kl0p01_190,175,175,0.0018888147142206435,0.234375,0.06685352325439453,0.20085525512695312,0.002008378505706787,0.66015625,0.953125
grpo_sft256_step100_kl0p01_190,176,176,0.0018598038072923373,0.40234375,0.07995986938476562,0.20732879638671875,0.0020741522312164307,0.55859375,0.92578125
grpo_sft256_step100_kl0p01_190,177,177,-0.0005690481084457133,0.359375,0.06973075866699219,0.18114662170410156,0.0018125176429748535,0.5703125,0.8671875
grpo_sft256_step100_kl0p01_190,178,178,0.0016571386977375369,0.3125,0.07307147979736328,0.20853424072265625,0.002085655927658081,0.65234375,0.95703125
grpo_sft256_step100_kl0p01_190,179,179,0.002474748284839734,0.3125,0.07935190200805664,0.21799755096435547,0.002179771661758423,0.6640625,0.9453125
grpo_sft256_step100_kl0p01_190,180,180,-5.5010360938467784e-05,0.390625,0.0661764144897461,0.18301773071289062,0.001829683780670166,0.70703125,0.94921875
grpo_sft256_step100_kl0p01_190,181,181,0.0005182935015000112,0.43359375,0.07168006896972656,0.2008686065673828,0.002006322145462036,0.6171875,0.890625
grpo_sft256_step100_kl0p01_190,182,182,0.0026000177804235136,0.9921875,0.08248138427734375,0.2121906280517578,0.0021212249994277954,0.63671875,0.95703125
grpo_sft256_step100_kl0p01_190,183,183,6.0548007695615524e-05,0.310546875,0.06779956817626953,0.21966171264648438,0.002196401357650757,0.76171875,0.9765625
grpo_sft256_step100_kl0p01_190,184,184,0.0012457505165457405,0.400390625,0.07476425170898438,0.188690185546875,0.0018871426582336426,0.703125,0.9296875
grpo_sft256_step100_kl0p01_190,185,185,-0.002798085532958794,0.380859375,0.07337474822998047,0.2107410430908203,0.002106696367263794,0.7109375,0.9375
grpo_sft256_step100_kl0p01_190,186,186,0.000929907947920583,0.31640625,0.06221294403076172,0.212066650390625,0.0021215975284576416,0.68359375,0.94921875
grpo_sft256_step100_kl0p01_190,187,187,0.0005863764667992655,0.44921875,0.06726741790771484,0.20001983642578125,0.0020006000995635986,0.7421875,0.9609375
grpo_sft256_step100_kl0p01_190,188,188,0.002556322693635593,0.498046875,0.07441520690917969,0.21584701538085938,0.002158522605895996,0.66015625,0.9296875
grpo_sft256_step100_kl0p01_190,189,189,-0.0005953826985205524,0.5390625,0.07108592987060547,0.19820594787597656,0.001981765031814575,0.6171875,0.91796875
grpo_sft256_step100_kl0p01_190,190,190,0.003513743865369179,0.384765625,0.07670879364013672,0.20359420776367188,0.0020361244678497314,0.578125,0.91015625
